date,avg_sentiment,daily_return
2012-12-13,0.05569277543379023,0.023930378870117952
2012-12-14,0.03885775697031916,-0.050637404984623324
2012-12-17,0.07459597923479834,-0.0022379510308682127
2012-12-18,0.03568769902711509,0.03588781624196846
2012-12-19,0.03709906951286261,-0.010826389280851778
2012-12-20,0.04618924598187271,-0.0018241239452349012
2012-12-21,0.07322149064467501,-0.04020469140828664
2012-12-24,0.09277499372608068,0.025514092553474033
2012-12-26,0.045986773565248905,-0.015595992258983338
2012-12-27,0.06960932017284477,-0.017351979926433003
2012-12-28,0.08568483314860126,-0.005374256957722423
2012-12-31,0.06937967335694609,0.027402585719899397
2013-01-02,0.054426088617265084,0.05184068810143372
2013-01-03,0.04409900265508232,-0.008214269365583116
2013-01-04,0.04893182214610787,0.03564997316524687
2013-01-07,0.04687207683438839,0.022948534150194932
2013-01-08,0.03358016300072375,-0.0122365944737588
2013-01-09,0.04108168558168558,0.05264971489206771
2013-01-10,0.04369806912664056,0.02321016936682141
2013-01-11,0.06736680522086926,0.01341853311602148
2013-01-14,0.0508348970601935,-0.02427486024852643
2013-01-15,0.03963605838605839,-0.027463662698436697
2013-01-16,0.01991484472576909,-0.00830564773527065
2013-01-17,0.041128520172637816,0.009715209530072322
2013-01-18,0.04456395202020202,-0.0159256652938482
2013-01-22,0.04892182284606527,0.03607551248580254
2013-01-23,0.046079903209746385,0.0029287391450882883
2013-01-24,0.026489722345105556,0.008436087977168105
2013-01-25,0.06636128074526432,0.01480054674872866
2013-01-28,0.03675434409274714,0.02948637533862386
2013-01-29,0.03588961680611878,-0.05174007520839263
2013-01-30,0.022963159493630408,0.014615097181237324
2013-01-31,0.030977783790283788,-0.008322670639780538
2013-02-01,0.05865194648346822,-0.04034861260394218
2013-02-04,0.03822555326844542,-0.054490378635334125
2013-02-05,0.02373836498836499,0.018854456342548342
2013-02-06,0.03249510932818265,0.014315637435393658
2013-02-07,0.03747567416233443,-0.013769350397089486
2013-02-08,0.0318922842505609,-0.0034904147574595923
2013-02-11,0.057660320921391034,-0.010157583745300514
2013-02-12,0.019627757488152677,-0.031493254863418474
2013-02-13,0.0405367877426701,0.01972959414033526
2013-02-14,0.02060570357929192,0.021139382150251018
2013-02-15,0.02836834471370554,-0.006315800181606379
2013-02-19,0.05610890388850915,0.02153956980667071
2013-02-20,0.03597734296511055,-0.016246153326829993
2013-02-21,0.02132507232691056,-0.041461645670640146
2013-02-22,0.05636343323843324,-0.005498589519916552
2013-02-25,0.055841334000279685,0.0051603870743766045
2013-02-26,0.031855918233422785,0.004400400801995774
2013-02-27,0.024476920213221585,-0.01898497853240433
2013-02-28,0.03425607375777733,0.014142134309566456
2013-03-01,0.04333222884912746,0.019449566482403924
2013-03-04,0.030201882192540556,-0.002159876594958643
2013-03-05,0.045436550560550557,-0.007214966109124865
2013-03-06,0.061741591195062395,-0.002543593519616749
2013-03-07,0.03009717918187864,0.04116572420253717
2013-03-08,0.07864662445254551,-0.021693521374684388
2013-03-11,0.03883274189480787,0.006437779365870755
2013-03-12,0.04582626305192677,-0.011016328097591455
2013-03-13,0.05533147510357455,-0.026949335323610213
2013-03-14,0.0349180336846371,-0.0014770682530058643
2013-03-15,0.06587801231212084,-0.014423124400602894
2013-03-18,0.04034532730606737,-0.0060037467055295
2013-03-19,0.04606486925400406,0.0022649855213587866
2013-03-20,0.02905910857082732,-0.0259886495870717
2013-03-21,0.0473867789640857,-0.004640403573129004
2013-03-22,0.033933997970014916,-0.0003885092840232307
2013-03-25,0.06722684550324302,-0.023319098023488638
2013-03-26,0.023604317440634577,0.0031834431507244965
2013-03-27,0.04234624678767846,0.03490682665900002
2013-03-28,0.060469992750798444,-0.019547728091187877
2013-04-01,0.0525725158329325,-0.0019546222521371615
2013-04-02,0.039772878636515,-0.004308680273914067
2013-04-03,0.046667491131776845,0.032651452447480134
2013-04-04,0.06994763783225322,0.031238083612351142
2013-04-05,0.01721716349159346,0.011821193144874842
2013-04-08,0.046069134414106476,-0.019715188762756908
2013-04-09,0.0600584918957012,-0.009683434830089377
2013-04-10,0.05997567844342038,0.03685594346041965
2013-04-11,0.03652247463715354,0.016322117080905585
2013-04-12,0.07505494373665396,-0.022127081695375472
2013-04-15,0.031799282957990824,-0.032116758139349444
2013-04-16,0.06471203062010236,0.01508294161485102
2013-04-17,0.015874259540926212,-0.010772693711198045
2013-04-18,0.03973836204304954,-0.035298485029389814
2013-04-19,0.0415695872596599,0.0015569874405290118
2013-04-22,0.05494192892314279,0.009327624383521416
2013-04-23,0.040948626453719834,0.00038506850774910895
2013-04-24,0.014200539189460905,0.0050038903158518
2013-04-25,0.028513363321314805,0.0011489382840148554
2013-04-26,0.04951954734978752,0.02716147698543736
2013-04-29,0.051297644143296316,0.004841681896448735
2013-04-30,0.019647815323170774,0.02928098328136075
2013-05-01,0.053962370554282324,-0.01224343345276524
2013-05-02,0.02836399645848465,0.05614287244058569
2013-05-03,0.06265184701061324,-0.02278218374371388
2013-05-06,0.04955297611918165,-0.02613916584521314
2013-05-07,0.03793173442642335,-0.024664501730242483
2013-05-08,0.03591201504466811,0.008553419665509487
2013-05-09,0.03162151296435717,-0.0029498496028924626
2013-05-10,0.05125348551073189,-0.013313631588852348
2013-05-13,0.06960736979533973,0.005247353375077646
2013-05-14,0.05694294844176361,0.009321402044916605
2013-05-15,0.038959153176649164,-0.017362368624051272
2013-05-16,0.03901645021645021,-0.01766921857003212
2013-05-17,0.07718443648503172,0.00459245476798853
2013-05-20,0.04965783861487795,-0.018666657947358445
2013-05-21,0.06897914474333688,-0.003882002351755065
2013-05-22,0.04207554422001375,-0.01948558078617546
2013-05-23,0.04606209631398549,-0.003974577983950622
2013-05-24,0.06206741132667058,-0.02992817302407702
2013-05-28,0.05365281347703222,-0.008638382932375621
2013-05-29,0.05611631871712516,-0.032365173207434594
2013-05-30,0.07191346398567273,0.05274440644651124
2013-05-31,0.06893909914339277,-0.00814659314892785
2013-06-03,0.05607188329877406,-0.02053388058180472
2013-06-04,0.027116845400959454,-0.013836474567205825
2013-06-05,0.05787422993200089,-0.026360579386329852
2013-06-06,0.040200630616403145,0.003056755283417978
2013-06-07,0.03522562833272003,0.013931284794893806
2013-06-10,0.03626094406800928,0.044654313752531705
2013-06-11,0.04796821578071578,-0.012330424907574189
2013-06-12,0.051630847568347564,-0.01081981778828367
2013-06-13,0.055580999703401544,-0.001682831920782668
2013-06-14,0.058416229160910015,-0.00421409116724758
2013-06-17,0.04110217766467766,0.016504498977917725
2013-06-18,0.046809862962856316,0.007910017613991016
2013-06-19,0.03318375788892358,0.0041305404895228826
2013-06-20,0.05544346867034092,-0.016865481547480243
2013-06-21,0.030163830052222913,0.026359877747729188
2013-06-24,0.0417184489078899,-0.024052186550043375
2013-06-25,0.07702953736127834,0.012949016667788804
2013-06-26,0.06836058900991218,-0.003711346498469714
2013-06-27,0.060919746208207746,0.020695364369116787
2013-06-28,0.061615276167871796,0.008921302299909728
2013-07-01,0.041055724208239934,-0.0028134926521461434
2013-07-02,0.05562579068572219,-0.016122516208812
2013-07-03,0.06958720206996069,0.004506374888946452
2013-07-05,0.08068218773096822,-0.006117439466962971
2013-07-08,0.06755243147560527,0.013951507325838719
2013-07-09,0.05880220537617327,0.031161492767821652
2013-07-10,0.07503016970951754,0.012558857950282887
2013-07-11,0.04593603987774391,0.0003876057820757506
2013-07-12,0.06963732496553726,0.003874482120841627
2013-07-15,0.06251351440437736,0.014280233169138956
2013-07-16,0.027592277557153592,0.0015220322349167592
2013-07-17,0.025488874924358796,0.012537991167642426
2013-07-18,0.0751782616934132,-0.01763599700120433
2013-07-19,0.030538875092166632,-0.011459172685718833
2013-07-22,0.052296726126513364,0.006568782140907503
2013-07-23,0.04445307889895519,0.0030710144356642655
2013-07-24,0.03742670114067809,0.014542712603136998
2013-07-25,0.04216990912526627,0.2961146855410959
2013-07-26,0.034684063152108265,-0.010186329528554028
2013-07-29,0.035295182636600544,0.04175248614297966
2013-07-30,0.03730656951890396,0.06209429139118772
2013-07-31,0.043074381435377285,-0.022056917552361388
2013-08-01,0.039104004692239985,0.01875006673128854
2013-08-02,0.04624370502726207,0.014937250827475879
2013-08-05,0.05064321179357411,0.029960562746557784
2013-08-06,0.03492952801634474,-0.01633068160436868
2013-08-07,0.02740350768106979,0.008300900159722513
2013-08-08,0.033591653997154705,-0.008489787121829018
2013-08-09,0.0436461597444861,-0.001037906449847248
2013-08-12,0.039592749057034776,-0.0072726955661526205
2013-08-13,0.043545714083504786,-0.03139719321331247
2013-08-14,0.0710275986694139,-0.009994568538887472
2013-08-15,0.05983730541997474,-0.0024556657255345726
2013-08-16,0.06035832058772134,0.01422320673498545
2013-08-19,0.061426399062638845,0.01968714957357287
2013-08-20,0.09820351025785808,0.015868776840218146
2013-08-21,0.05748039025650966,-0.002343143789258706
2013-08-22,0.027665958428826076,0.006002075784655947
2013-08-23,0.07224197177587008,0.05188067547553343
2013-08-26,0.05317662152067296,0.01948214378276303
2013-08-27,0.04715392316017316,-0.0411224179164168
2013-08-28,0.06219459526662917,0.022956605989498335
2013-08-29,0.04897448829487665,0.018002455141088003
2013-08-30,0.06956235328931182,0.00024229981894952068
2013-09-03,0.053277065719329,0.0140469363888851
2013-09-04,0.06549543972768541,-0.0021495140884597586
2013-09-05,0.05004149475980462,0.021062735610975825
2013-09-06,0.06773477774948362,0.030239121428538906
2013-09-09,0.04816538314949332,0.0020477850062696756
2013-09-10,0.031147560383541693,-0.009990972576277235
2013-09-11,0.056164430198957054,0.03302758008720974
2013-09-12,0.0607051657305207,-0.006438741332870812
2013-09-13,0.0580204200884629,-0.009832371546569463
2013-09-16,0.05023448458657883,-0.040622951838652166
2013-09-17,0.059707164431429136,0.06022115912421144
2013-09-18,0.054970963847226474,0.003550029920024178
2013-09-19,0.04368388171488435,0.016581914826234723
2013-09-20,0.04749691668061834,0.03284041216319311
2013-09-23,0.05208499627703375,-0.0063171834313463515
2013-09-24,0.05192188421868225,0.02670061820085179
2013-09-25,0.04805422532085622,0.020846198258592796
2013-09-26,0.05719146975383418,0.018803079708663795
2013-09-27,0.05855775745257453,0.0168684719014498
2013-09-30,0.0543723480820255,-0.019711204198787358
2013-10-01,0.041066522203655385,0.0037825727342326587
2013-10-02,0.05554839123925775,-0.0027766639177440045
2013-10-03,0.056248028101841666,-0.021877456261475303
2013-10-04,0.07158566775414602,0.03782026431089336
2013-10-07,0.056301414723604934,-0.010188096560270199
2013-10-08,0.05204012534306652,-0.06690421689407988
2013-10-09,0.02305717725816334,-0.007848937986325355
2013-10-10,0.057452897481306574,0.048749171626710996
2013-10-11,0.06024596057759323,0.0012232696070193505
2013-10-14,0.0717211340057293,0.008144933948490474
2013-10-15,0.042742721186598734,-0.0002019455033763773
2013-10-16,0.04385153175342301,0.03313130080097859
2013-10-17,0.0561678359954222,0.020922950872009682
2013-10-18,0.06442100182714518,0.03849841355059991
2013-10-21,0.04320748746797312,-0.006824100668606392
2013-10-22,0.04209719280937355,-0.02172698611138446
2013-10-23,0.032352453102453105,-0.01480635487430404
2013-10-24,0.03467038165047015,0.01059728749307065
2013-10-25,0.04232260870663497,-0.009532888326539202
2013-10-28,0.04141494017174598,-0.033108781432976464
2013-10-29,0.03066277785591865,-0.016523950307017476
2013-10-30,0.04531951234687553,-0.007894801463546375
2013-10-31,0.0404511027580224,0.024484815426166096
2013-11-01,0.05090396930725397,-0.009161503542327476
2013-11-04,0.046667945353733024,-0.030753744307474906
2013-11-05,0.04872860314554945,0.039195340974752524
2013-11-06,0.03063553407303407,-0.019756568876638236
2013-11-07,0.030043888645210234,-0.03175890864242514
2013-11-08,0.06432896016935565,-0.0006308366931835341
2013-11-11,0.062331010039343375,-0.027982285935524764
2013-11-12,0.03687493159048483,0.008874455425139427
2013-11-13,0.06694377694377694,0.045054675962709734
2013-11-14,0.055749041398334684,0.005748359664482061
2013-11-15,0.0661007926624365,0.0004081780441169691
2013-11-18,0.06100213658258465,-0.0648846480184706
2013-11-19,0.06364349403261983,0.011564450319042852
2013-11-20,0.0315209669515515,0.0015099157442328703
2013-11-21,0.0503841136681594,0.005815215506978388
2013-11-22,0.08250853115944579,-0.010064265803526706
2013-11-25,0.076738714425164,-0.03049967253674568
2013-11-26,0.06062480876611311,0.02387326421485403
2013-11-27,0.08582912019043407,0.013074794003019807
2013-11-29,0.0739959114959115,0.01118512850704545
2013-12-02,0.06693311671610282,0.0010636684438023458
2013-12-03,0.044366010085626295,-0.0070123633961893805
2013-12-04,0.051969672919672916,0.04044509754253656
2013-12-05,0.0350380719168598,-0.005758921954917007
2013-12-06,0.0640834710391162,-0.00827475226761043
2013-12-09,0.060547885689190034,0.018773499200258392
2013-12-10,0.04227318206484873,0.028869775655342655
2013-12-11,0.055219704812096114,-0.01731341157979638
2013-12-12,0.03733379049111808,0.04961524321475608
2013-12-13,0.05147324817122505,0.02874778721070337
2013-12-16,0.06509903153625621,0.009189828981082337
2013-12-17,0.06581249151786579,0.019513086977576588
2013-12-18,0.06375978240926694,0.01294201743662926
2013-12-19,0.030804926617567698,-0.009357575321565226
2013-12-20,0.05510000911786626,0.0012715657728310514
2013-12-23,0.051983286045786045,0.04807695169141213
2013-12-24,0.11673596187984678,0.0032888804778163916
2013-12-26,0.11795209394656908,-0.003968246133011832
2013-12-27,0.1094401277734611,-0.03966743346069046
2013-12-30,0.0765890447087926,-0.031204898720954666
2013-12-31,0.0791001733868226,0.017501442141673706
2014-01-02,0.08084653402497269,0.0010978509957650928
2014-01-03,0.061084086478823324,-0.002741687327576847
2014-01-06,0.0803193994421175,0.04838708436948114
2014-01-07,0.05611135372100284,0.012587367069972988
2014-01-08,0.04841424339842061,0.005352233824089225
2014-01-09,0.02961349440861889,-0.01734498247420757
2014-01-10,0.03594886981646564,0.012582967330405204
2014-01-13,0.05102275319934458,-0.0350362241527753
2014-01-14,0.06065414205878123,0.03273120794221196
2014-01-15,0.06213421448527831,-0.0024247177048130064
2014-01-16,0.08111560238066264,-0.007118053095024224
2014-01-17,0.11003302360238776,-0.01556215091833879
2014-01-21,0.062430440486552705,0.0392539807179586
2014-01-22,0.04572962938380315,-0.01709109602951353
2014-01-23,0.042133848269003,-0.015301639351439134
2014-01-24,0.05571920732013539,-0.03849550174921679
2014-01-27,0.06214172071314929,-0.016528953411723002
2014-01-28,0.046210745110393,0.029691880023174466
2014-01-29,0.0417972400450079,-0.02919841545471258
2014-01-30,0.05809986110559504,0.14104246635398443
2014-01-31,0.061713902747627086,0.02439420136055026
2014-02-03,0.04982757059585123,-0.017420491575902197
2014-02-04,0.03813823038727436,0.020657131867595213
2014-02-05,0.023283407225545033,-0.008924324673960538
2014-02-06,0.037747532422297315,-0.0004823730496752443
2014-02-07,0.02454898064898065,0.03474903237957516
2014-02-10,0.06971549421645391,-0.011971400208598437
2014-02-11,0.04595861039899161,0.020456321835837565
2014-02-12,0.053402784815828296,-0.006168103859532592
2014-02-13,0.04762084098818793,0.04468588082518199
2014-02-14,0.061133178111389117,-0.0035646143864110913
2014-02-18,0.04766356082133659,0.003130223957823919
2014-02-19,0.04750476105343362,0.011292637033782249
2014-02-20,0.04030639065795316,0.023067877624776356
2014-02-21,0.06311511704135725,-0.014936104503096126
2014-02-24,0.04385995215263508,0.031928889901346125
2014-02-25,0.05024867342802126,-0.01313930942660324
2014-02-26,0.06824285905411732,-0.00844661919512013
2014-02-27,0.059363867103315156,-0.00462026689220707
2014-02-28,0.008368436444892756,-0.006962624600159506
2014-03-03,0.04761476559832459,-0.015337356652133427
2014-03-04,0.04289389888863573,0.020620075866124576
2014-03-05,0.07812084563327108,0.0402615773284567
2014-03-06,0.04908990245991154,-0.01019985133500545
2014-03-07,0.055176961108596496,-0.014680877186558305
2014-03-10,0.0560079241110169,0.031948361461896946
2014-03-11,0.028459030552780554,-0.02679439591675392
2014-03-12,0.06356399012649012,0.01112694431205763
2014-03-13,0.037376763726691055,-0.028922058433974107
2014-03-14,0.051254161729022064,-0.016126697382285338
2014-03-17,0.07492038877966384,0.015061970240404676
2014-03-18,0.04602098449680997,0.006546473547010434
2014-03-19,0.06730947501951601,-0.013730373523851647
2014-03-20,0.030211927820175243,-0.018610736852626486
2014-03-21,0.07850994978646494,0.004031605765940194
2014-03-24,0.05116516001932669,-0.04669838621961564
2014-03-25,0.044219232955219505,0.012324507555897757
2014-03-26,0.04589083755750423,-0.0693481282528392
2014-03-27,0.03346436820926617,0.009604269529999376
2014-03-28,0.06869894800539962,-0.015745495816784416
2014-03-31,0.04962835732947749,0.003832750597679402
2014-04-01,0.04550006923491772,0.039508585443295496
2014-04-02,0.07740163189068298,0.001596970465092662
2014-04-03,0.039846309817507974,-0.051498716188961846
2014-04-04,0.018142736892736894,-0.04605818795023797
2014-04-07,0.06135765867391703,0.003524242518756937
2014-04-08,0.05467279734054626,0.02177344771128542
2014-04-09,0.06495304174991676,0.07252107441649214
2014-04-10,0.05144669359472672,-0.05207498811001465
2014-04-11,0.11212094876351074,-0.01064910530324803
2014-04-14,0.07296472103453623,0.0061507025091360745
2014-04-15,0.07964374948518711,0.00339617532708969
2014-04-16,0.0642173758226928,0.010661720536273123
2014-04-17,0.05656351092625602,-0.013060994274121773
2014-04-21,0.08980104543376148,0.039022787671317616
2014-04-22,0.053444721624753076,0.029229213778083185
2014-04-23,0.06436641507749293,-0.026495291151645284
2014-04-24,0.043449523264203496,-0.007985685684366417
2014-04-25,0.05601107959728649,-0.05191391330478312
2014-04-28,0.04180328762582649,-0.02720498561308482
2014-04-29,0.030553547949656132,0.035803387212025584
2014-04-30,0.037135797161929565,0.028030906459951987
2014-05-01,0.023878221795674625,0.02291741007958148
2014-05-02,0.06362028056331853,-0.011283768179698894
2014-05-05,0.05296659564984172,0.012570329932830804
2014-05-06,0.027868152607133823,-0.043939927928269173
2014-05-07,0.022810938440965246,-0.01947718116221253
2014-05-08,0.03344442331522435,-0.010977540944683617
2014-05-09,0.05223472006238997,0.00845671901211964
2014-05-12,0.03620389039338811,0.04524807960587851
2014-05-13,0.030914937345885768,0.0
2014-05-14,0.05323942204693738,-0.01002845178766032
2014-05-15,0.031533628342367594,-0.022117193709530025
2014-05-16,0.057139259233674126,0.0017265589084907162
2014-05-19,0.07449238646363904,0.02051014507618376
2014-05-20,0.012244908945490343,-0.010977836872692937
2014-05-21,0.04935489294367799,0.03295765471166878
2014-05-22,0.06850746318810191,0.0004959295497515281
2014-05-23,0.08896865353352695,0.013714441673487121
2014-05-27,0.0538309781597308,0.03471884467957609
2014-05-28,0.06299447309001449,0.00047257056574045997
2014-05-29,0.06226774750304162,0.005038631994625398
2014-05-30,0.06719205126992012,-0.008303346056560579
2014-06-02,0.03669010858648165,-0.0034754724906387313
2014-06-03,0.06546099313992458,-0.003329151760844362
2014-06-04,0.07421224455218031,0.007475763141213676
2014-06-05,0.07166206861350746,-0.0023681958559765848
2014-06-06,0.0559213181115836,-0.010919427784531255
2014-06-09,0.052294582198428356,0.006080017089843848
2014-06-10,0.04757499976080446,0.04596048864281288
2014-06-11,0.04764579272254711,0.00015207749340095944
2014-06-12,0.06393786242454523,-0.022651229726664
2014-06-13,0.06480830991973054,0.003266434616303382
2014-06-16,0.062415170121570863,-0.004806163699127897
2014-06-17,0.053402969295826434,0.0032715232354811885
2014-06-18,0.05240422390711408,0.018633492543629337
2014-06-19,0.0417143718479095,-0.01920735008442931
2014-06-20,0.07767958648953853,0.00248684599341753
2014-06-23,0.052754402431393586,0.013488414675690397
2014-06-24,0.05916548860654552,0.005354114416637357
2014-06-25,0.061622007042750684,0.026171655337116517
2014-06-26,0.04223380813193805,-0.004596755290120602
2014-06-27,0.058200095644612614,0.00700135915288147
2014-06-30,0.037969167584552196,-0.004585762804601656
2014-07-01,0.049561472632614914,0.011442957833111445
2014-07-02,0.045375433094832635,-0.023655607818168
2014-07-03,0.07391554279054278,-0.0024077658399211943
2014-07-07,0.05725635607778465,-0.015085231349963202
2014-07-08,0.037576160853599876,-0.03875023064048466
2014-07-09,0.0542246062100431,0.03521355892725797
2014-07-10,0.04808596061626365,-0.0015391484106856979
2014-07-11,0.07465799250036977,0.022660606275156203
2014-07-14,0.04222192377536581,0.023515304101656476
2014-07-15,0.06966309481243109,-0.010751153763308374
2014-07-16,0.05505971721180054,0.007295005307750735
2014-07-17,0.052920373187775566,-0.018474725574098905
2014-07-18,0.06877616919828758,0.030266441740655292
2014-07-21,0.04370650919666331,0.01432334672844826
2014-07-22,0.04124569070221244,-0.0018732691636039744
2014-07-23,0.03320277301046532,0.02916131615928319
2014-07-24,0.04157678875675864,0.05176044878690056
2014-07-25,0.049650159710839324,0.0028007345301517272
2014-07-28,0.029228747795414466,-0.0035909597512161495
2014-07-29,0.04149240830902919,-0.01615054877262667
2014-07-30,0.03293272067756604,0.013159696550687716
2014-07-31,0.012451436761138253,-0.02718262949921524
2014-08-01,0.030016211029866492,-0.003991753743102677
2014-08-04,0.03779243294136911,0.015892779383343436
2014-08-05,0.03553180656360629,-0.011154940429801363
2014-08-06,0.021833272488212607,-0.003026567799065072
2014-08-07,0.025934938141709604,0.009659127038102122
2014-08-08,0.05243229061410879,-0.0015033567459927788
2014-08-11,0.037873379287707204,0.005201271496179993
2014-08-12,0.02781249547553895,-0.008306108252627675
2014-08-13,0.042403755129818956,0.012906697629807118
2014-08-14,0.04667844972307907,0.007184579541948732
2014-08-15,0.05115296728587868,-0.009017574304446718
2014-08-18,0.0709807921434668,0.013038151844126267
2014-08-19,0.06475855493712636,0.009384697841594125
2014-08-20,0.02803854766328339,-0.006375393161067167
2014-08-21,0.04989340050587665,-0.0032080988049967285
2014-08-22,0.06525107475775131,0.0
2014-08-25,0.05322271812974293,0.0060345574639102395
2014-08-26,0.06378790231507622,0.012530025106221254
2014-08-27,0.04378623864911743,-0.017509239693060508
2014-08-28,0.0505592277270055,-0.010317522060891426
2014-08-29,0.06394803691678691,0.012997550454096674
2014-09-02,0.03900747036982992,0.024859671450656595
2014-09-03,0.04552698657031327,-0.011085008747238057
2014-09-04,0.04254419942039903,0.0015824227125147416
2014-09-05,0.06024598212993628,0.01724825859941781
2014-09-08,0.059421492553568024,0.008154248459728342
2014-09-09,0.06821922819804176,-0.015663130443743012
2014-09-10,0.03998463291941553,0.00991264059450958
2014-09-11,0.05526620338725602,0.006328268911769408
2014-09-12,0.056851474074925405,-0.005646750800195388
2014-09-15,0.04648479516639894,-0.03742903201125625
2014-09-16,0.05953841254462924,0.020112630238303453
2014-09-17,0.07155509556133441,0.004600400442922092
2014-09-18,0.07821000696716346,0.007457800504360623
2014-09-19,0.0734991865649358,0.011818229378043776
2014-09-22,0.0433577834955742,-0.014247215481667297
2014-09-23,0.053180784906778286,0.01940101308023867
2014-09-24,0.042000232984607984,0.003193255806316131
2014-09-25,0.04322601712861453,-0.016806718607552895
2014-09-26,0.076592490103386,0.02033151605808703
2014-09-29,0.05798165443514281,0.002665301206149273
2014-09-30,0.060742059651740295,0.0005063407028778055
2014-10-01,0.03687589872799297,-0.031503009045137476
2014-10-02,0.04537808791540135,0.006923563137398281
2014-10-03,0.07776767232571982,0.004670480044105529
2014-10-06,0.05930819995498894,0.0015495236751612573
2014-10-07,0.04260206548770378,-0.01637437703768585
2014-10-08,0.05398177662091896,0.016122633540154085
2014-10-09,0.02180734709036596,-0.02076874420377095
2014-10-10,0.019258202515778276,-0.039520482878035446
2014-10-13,0.04663761990794511,0.001097163594050432
2014-10-14,0.0561683947280394,0.008220283486525704
2014-10-15,0.03580114638447972,-0.00516370800826238
2014-10-16,0.06025232225794926,-0.007922440080697979
2014-10-17,0.04998669854264612,0.04571113617477085
2014-10-20,0.051004579459049654,0.013166557474406204
2014-10-21,0.05471860646974976,0.022612158052903064
2014-10-22,0.03727586949136141,-0.004066586413725148
2014-10-23,0.04690795079571962,0.021309150317952996
2014-10-24,0.07946851018746444,0.00787103006261658
2014-10-27,0.02954625429898281,-0.004834503514326016
2014-10-28,0.03926137330795508,0.006103610752618671
2014-10-29,0.032496274289356815,-0.060789850647298915
2014-10-30,0.03240509049055109,-0.023068810781965654
2014-10-31,0.06000462616919451,0.011874203834442376
2014-11-03,0.03813414759843331,-0.014801982157247706
2014-11-04,0.03848870074533791,0.02544673731326541
2014-11-05,0.03339783118829362,-0.012275610862622077
2014-11-06,0.048598018615562476,0.005746362350045109
2014-11-07,0.03605975031239581,0.004517623282486616
2014-11-10,0.03738647137491068,-0.0079364879131113
2014-11-11,0.04842811198235727,-0.00519999186197917
2014-11-12,0.04539176570799482,0.0014743413678017792
2014-11-13,0.06367828355185089,-0.006290166127204233
2014-11-14,0.04440073665612265,0.008484811493844724
2014-11-17,0.043521911698782445,-0.008547000709448138
2014-11-18,0.05148197981531315,0.0013469622440531737
2014-11-19,0.040551467829784985,-0.013586152227467174
2014-11-20,0.07612007246918251,0.0036819396744112165
2014-11-21,0.053353035484019526,0.0020380642525645865
2014-11-24,0.04546479805958479,0.0035254526946504328
2014-11-25,0.04330844425060843,0.021888867321008476
2014-11-26,0.06124065513896022,0.0263123835175616
2014-11-28,0.0539371935510679,0.0010305874623752764
2014-12-01,0.036832749313694436,-0.03346201513821179
2014-12-02,0.039228535353535356,0.004793616746551876
2014-12-03,0.08313464102597841,-0.007686215718150424
2014-12-04,0.06837784136067397,0.004807700635100165
2014-12-05,0.04910187307246131,0.014885736023144469
2014-12-08,0.0527567365113519,0.0020952859014664593
2014-12-09,0.047292940224758405,0.004181909420577723
2014-12-10,0.04389618653244246,-0.008589225197417005
2014-12-11,0.04027661550108733,0.02034658762862329
2014-12-12,0.05973585684730263,0.0012864848810298923
2014-12-15,0.04440494979557479,-0.010792804156789737
2014-12-16,0.030574056607576162,-0.029873950982996833
2014-12-17,0.05681014571983735,0.01901189078229426
2014-12-18,0.07383724080152652,0.030088042269912796
2014-12-19,0.05881576003669027,0.018877496157325035
2014-12-22,0.08173293393585898,0.01965447857795266
2014-12-23,0.06128029195463406,-0.010313030931411893
2014-12-24,0.09067780889463353,0.0019848161704925094
2014-12-26,0.0738089738851934,0.00012383479814492837
2014-12-29,0.07086973503312086,-0.009408295960822044
2014-12-30,0.05723377858574233,-0.00999744383809098
2014-12-31,0.06393109117345758,-0.01514774752771797
2015-01-02,0.07597458292195133,0.0055114114800978165
2015-01-05,0.05509296652913674,-0.01606111607202776
2015-01-06,0.032114214534242354,-0.013473259264589199
2015-01-07,0.06113545666511768,0.0
2015-01-08,0.061045478557364447,0.026657895451348113
2015-01-09,0.037754491797813095,-0.005628069067391883
2015-01-12,0.05441074790728443,-0.013120615784603329
2015-01-13,0.04239564527599978,-0.0035193465610643404
2015-01-14,0.054737737373737376,-0.00222365174272543
2015-01-15,0.05106668233562173,-0.02923434403809011
2015-01-16,0.058118818352364,0.015259921767027507
2015-01-20,0.044983598213050265,0.014099462015042974
2015-01-21,0.04670707799495678,0.006558237329615801
2015-01-22,0.03168683562775203,0.011858270620815459
2015-01-23,0.05238135054246165,0.002318097896183424
2015-01-26,0.03950258451039701,-0.004240033705395829
2015-01-27,0.041357557556575684,-0.022193564138104804
2015-01-28,0.04583277133351317,0.006070191236243749
2015-01-29,0.04846013425201907,0.023085023420060358
2015-01-30,0.047037360303573694,-0.026794824844751597
2015-02-02,0.061084138576313854,-0.01211969113366107
2015-02-03,0.06829378159474933,0.005467444643140418
2015-02-04,0.06615776156872047,0.0030503411523157276
2015-02-05,0.052442776056164035,-0.0002644009492609456
2015-02-06,0.060028993931832364,-0.015077362524083426
2015-02-09,0.05227514051144188,-0.00040283038545907424
2015-02-10,0.058451056965611765,0.010075228041406259
2015-02-11,0.06376873008006186,0.017555521372044858
2015-02-12,0.04607042797533722,-0.003659636276029943
2015-02-13,0.05564614643857998,-0.006427987296152904
2015-02-17,0.050210660245989996,-0.0018484208291139614
2015-02-18,0.041821336361695105,0.014682548052319389
2015-02-19,0.044600214828422066,0.0353278466538427
2015-02-20,0.05376677073217954,0.006043860085623631
2015-02-23,0.0648715431383663,-0.013266647906695628
2015-02-24,0.05334134152130895,-0.004946720037593444
2015-02-25,0.05344527285446739,0.014149147909895854
2015-02-26,0.04964744167869168,0.010683837727491374
2015-02-27,0.04940545254700041,-0.017908249916979035
2015-03-02,0.04153377655660761,0.00987715293452962
2015-03-03,0.043170348498945306,-0.0018808968762245026
2015-03-04,0.04482832845373038,0.016331696943191032
2015-03-05,0.03478048850760997,0.0038318609733842823
2015-03-06,0.07985905784897139,-0.014776467944470517
2015-03-09,0.04239217206826696,-0.007124105481883358
2015-03-10,0.045204512212861,-0.02379153237114351
2015-03-11,0.04834393542009721,0.0002578548327465402
2015-03-12,0.06314906453699558,0.017532559181411278
2015-03-13,0.08154535387093527,-0.011149084632149253
2015-03-16,0.049855799544918714,0.0002562029760990736
2015-03-17,0.04105415150546996,0.016523644428973583
2015-03-18,0.0590458570669097,0.019531288304395877
2015-03-19,0.06262142746709073,0.022741271222464388
2015-03-20,0.06839648628530377,0.012688858631514366
2015-03-23,0.05564303941273479,0.007517866712115184
2015-03-24,0.05861476257712817,0.010422802916465468
2015-03-25,0.05428306277056277,-0.028015466628127705
2015-03-26,0.038015927987356556,0.0010854313708712482
2015-03-27,0.05424085770859965,0.0034935659325898705
2015-03-30,0.05278237454197235,-0.0012005534195898004
2015-03-31,0.0711823760708519,-0.011778795234195782
2015-04-01,0.059993567531528486,-0.006689407000632808
2015-04-02,0.05413586695733825,-0.001346891304246256
2015-04-06,0.0493723510346547,0.010789662937155997
2015-04-07,0.047308665956074164,-0.0014556373487170093
2015-04-08,0.06499374586991409,-0.0004859197725417541
2015-04-09,0.0548348885682219,-0.0013369058335382933
2015-04-10,0.049107010471689375,-0.0015820525290834997
2015-04-13,0.0845168793195109,0.011823515478770918
2015-04-14,0.056216650633317294,0.006143771758961858
2015-04-15,0.04417928283366716,-0.009698247020475614
2015-04-16,0.061608486924446336,-0.004836193087976892
2015-04-17,0.07097892121942755,-0.01858824960124339
2015-04-20,0.040618887795579525,0.028596157384267906
2015-04-21,0.060716055416129934,0.006378702997363206
2015-04-22,0.053519127857692875,0.01207838404283268
2015-04-23,0.049688913314108324,-0.02623175780877074
2015-04-24,0.03296332168010912,-0.010678374514101696
2015-04-27,0.05717988432332694,0.004660920992298534
2015-04-28,0.048417271331309186,-0.015016521815913175
2015-04-29,0.044133947133243895,-0.0026028642002766667
2015-04-30,0.044604673349706456,-0.021125941988917818
2015-05-01,0.10803314172166631,0.0027929570912643698
2015-05-04,0.07416266886127783,-0.0022787733895907047
2015-05-05,0.047805205039247595,-0.01586093184523507
2015-05-06,0.036635608445594575,0.0069623637509708125
2015-05-07,0.044496106839639525,0.004225375640231732
2015-05-08,0.06169033291373717,0.0010200411926992725
2015-05-11,0.07014143472476805,-0.006368615289710444
2015-05-12,0.053713314541704374,-0.007050417083662275
2015-05-13,0.05699552695505933,0.012651734682631144
2015-05-14,0.05363642832117259,0.0373533938549333
2015-05-15,0.07646948560494815,-0.011675120383065507
2015-05-18,0.06692911562171766,0.0057199589025891395
2015-05-19,0.06930277098103185,-0.00309099911584676
2015-05-20,0.0571346324697476,-0.0009921146519296098
2015-05-21,0.058018430335097,-0.0008690216284565899
2015-05-22,0.07241641295212724,0.0007454964723057067
2015-05-26,0.06859463380033,-0.01502357922421349
2015-05-27,0.06036162093186887,0.015378812461158242
2015-05-28,0.06166590777725232,-0.004965878469574747
2015-05-29,0.06490253491969178,-0.011977530457846441
2015-06-01,0.043048486626831695,0.013890623061099117
2015-06-02,0.0655285590118652,0.0018682466579706958
2015-06-03,0.05481109477767232,0.024863251358760552
2015-06-04,0.0483411326965046,-0.004730705702315152
2015-06-05,0.07791870355645866,0.0010968474654882154
2015-06-08,0.04451197871670955,-0.017896289647262642
2015-06-09,0.05187843604431057,0.0
2015-06-10,0.07347346426604437,0.018470379657671288
2015-06-11,0.06610725626433984,-0.004016575174605075
2015-06-12,0.06815794935657948,-0.0036661743253677548
2015-06-15,0.05084919979010888,-0.010057643899198054
2015-06-16,0.044322803803044354,0.00433649458668417
2015-06-17,0.06912962259371834,0.009005716492970661
2015-06-18,0.05821388758888759,0.013693639002874791
2015-06-19,0.06838831045947834,-0.0048245266941377984
2015-06-22,0.08151415612311921,0.02702697454615466
2015-06-23,0.0819851433590564,0.03705451343881783
2015-06-24,0.06761756963990805,0.011151608870760166
2015-06-25,0.07742764089493061,-0.009903187568912286
2015-06-26,0.1089470576970577,0.00034097270007116265
2015-06-29,0.05398015802556818,-0.02511077185354238
2015-06-30,0.06376358524054054,-0.0003497250305842803
2015-07-01,0.06099009708309225,0.01329144297145235
2015-07-02,0.0776766268123411,0.0043723074146369
2015-07-06,0.06377340330071422,0.0029786015981609903
2015-07-07,0.09298713931982415,-0.0037692954831720638
2015-07-08,0.07085541143127981,-0.018000454859562143
2015-07-09,0.07833141892190973,0.0026852974132121066
2015-07-10,0.06363907848570426,0.024103397310505148
2015-07-13,0.06606384489196988,0.024445725986143696
2015-07-14,0.04690648277081538,-0.004661466992876173
2015-07-15,0.07161637321012321,0.000892081074737261
2015-07-16,0.057315274968551926,0.012143452673233135
2015-07-17,0.06579469344575085,0.04534950815387884
2015-07-20,0.05699426007725397,0.03095716967059836
2015-07-21,0.07178917662250996,0.004902417624204514
2015-07-22,0.04595314694354834,-0.013720891172839367
2015-07-23,0.038520718807604055,-0.01648803028674639
2015-07-24,0.04422865311142513,0.015821400547040065
2015-07-27,0.07139408634400286,-0.028674562834499207
2015-07-28,0.04401492153923272,0.011893413702447786
2015-07-29,0.05526515151515152,0.01784024485159974
2015-07-30,0.04590703376013044,-0.018352395283037448
2015-07-31,0.06376557706047997,-0.012603686165121197
2015-08-03,0.0528066285743829,0.0013828023663862155
2015-08-04,0.038646792649354875,-0.000849817628780114
2015-08-05,0.04111274478438087,0.025303050654768233
2015-08-06,0.03967593237365356,-0.013687263183409626
2015-08-07,0.044019378769378774,-0.008620686197927108
2015-08-10,0.05276203269127798,-0.0015906842102281216
2015-08-11,0.05684419177827381,-0.005629301866247771
2015-08-12,0.06996657226134838,0.006088439202112772
2015-08-13,0.06068201567289158,-0.00806881958308936
2015-08-14,0.08904296625053505,0.01059614535519482
2015-08-17,0.05413579260568789,-0.005189555955008585
2015-08-18,0.07651461771626182,0.013201297346330465
2015-08-19,0.07052743506493506,0.0014710454170643317
2015-08-20,0.07456452180459743,-0.04983737406015398
2015-08-21,0.07008834454095893,-0.049690814060462385
2015-08-24,0.05657441834844698,-0.04613062204655727
2015-08-25,0.07687898481903585,0.011085439185107404
2015-08-26,0.05527598828488157,0.05048195712537651
2015-08-27,0.06552943425076453,0.029131790852217065
2015-08-28,0.04959155328798186,0.014265003136188836
2015-08-31,0.03938636430628074,-0.01736074930192444
2015-09-01,0.05704398843060903,-0.02460021179397065
2015-09-02,0.06293975577799107,0.03049404941360012
2015-09-03,0.10433662118088348,-0.01935696824545652
2015-09-04,0.07825154377785956,0.0012478798462558505
2015-09-08,0.06270564935064936,0.014389265945248253
2015-09-09,0.054167847598340875,0.01016423181633952
2015-09-10,0.047149038466533066,0.017027873440462304
2015-09-11,0.06733136243386244,0.0007610316619859336
2015-09-14,0.04468720371443468,0.0028244921044682236
2015-09-15,0.0989791340456234,0.006391550025885762
2015-09-16,0.050262893866486386,0.005920295084280269
2015-09-17,0.050757811599215955,0.009523803303507439
2015-09-18,0.07263929045407148,0.0006360524731563455
2015-09-21,0.07667405459993956,0.01218221935688879
2015-09-22,0.060467022954136355,-0.027106267760998226
2015-09-23,0.06070502451550838,0.010864911211032613
2015-09-24,0.053009898915735924,0.004682371349265413
2015-09-25,0.06037297458231193,-0.017371114875839866
2015-09-28,0.06482701551695058,-0.03837444957868097
2015-09-29,0.039980745380855755,-0.0284721549332404
2015-09-30,0.0868897529568927,0.037267836912115326
2015-10-01,0.05022474897474897,0.011679592931497895
2015-10-02,0.06071355394309131,0.012314489105693882
2015-10-05,0.05779213659147869,0.02107095088342148
2015-10-06,0.0665606618190417,-0.012870961142190662
2015-10-07,0.1039016070092459,-0.0043103611284990295
2015-10-08,0.051490275556037565,0.0007575724422972385
2015-10-09,0.08909811141351226,0.008326988568201799
2015-10-12,0.04679873589120164,0.010939557012337842
2015-10-13,0.06774497451048546,-0.0014852470451475197
2015-10-14,0.04797625947216111,-0.0005312691276949666
2015-10-15,0.04180190602277981,0.020091414858933287
2015-10-16,0.03481489498156165,0.01646521306928972
2015-10-19,0.07417788548100482,0.00953455296746597
2015-10-20,0.05843137196442982,-0.014928416801868183
2015-10-21,0.02890962376054119,0.0011340269108408574
2015-10-22,0.042170643381346976,0.026361832380844108
2015-10-23,0.06706140411928194,0.02528347866716496
2015-10-26,0.06947586960258782,0.015461338329707086
2015-10-27,0.038871226838890265,-0.0006745658387653508
2015-10-28,0.027644332054248256,0.004821600913349711
2015-10-29,0.027970921207072813,0.006525914828131141
2015-10-30,0.038533003853827096,-0.027745958323049047
2015-11-02,0.03461743256743257,0.013141083866326175
2015-11-03,0.03377681656793499,-0.0070660705138925195
2015-11-04,0.029633905674061118,0.01325795073187308
2015-11-05,0.02399582812249479,0.04637290342129252
2015-11-06,0.05246668394936793,-0.015262997696801284
2015-11-09,0.030442146011008284,-0.005695617358005611
2015-11-10,0.03925090067892518,0.01333464012419694
2015-11-11,0.008174588545634773,0.010193665432219445
2015-11-12,0.0256902210765058,-0.00908178583399033
2015-11-13,0.048693691298954456,-0.03767820608505312
2015-11-16,0.06979759075347311,0.000865839056541251
2015-11-17,0.04477996345902412,0.010476704424249306
2015-11-18,0.05486430077591694,0.025111761234851704
2015-11-19,0.06784606062683816,-0.01401126986982304
2015-11-20,0.04563075417050952,0.009975508538337508
2015-11-23,0.02664628002453281,-0.0034476588486224147
2015-11-24,0.04012752405002405,-0.011313689752214362
2015-11-25,0.07356572960100567,-0.003120807720133456
2015-11-27,-0.008184685684685682,0.00037940693239169043
2015-11-30,0.04346635196038775,-0.011474624177244763
2015-12-01,0.05214299645702085,0.027628596909378134
2015-12-02,0.03540761067172725,-0.00980211935059283
2015-12-03,0.0625180624347291,-0.015932897579604033
2015-12-04,0.0705976768577036,0.017244712580205546
2015-12-07,0.06418262383734559,-0.005368239717328693
2015-12-08,0.06912148541693997,0.008332518211648487
2015-12-09,0.02959555262701521,-0.017748139990257705
2015-12-10,0.07074944783312898,0.007839385342124139
2015-12-11,0.04739084229064189,-0.031303315117447994
2015-12-14,0.05543029501362835,0.024872707081985856
2015-12-15,0.07065716789606592,-0.001051028153091882
2015-12-16,0.072961720512895,0.021425134370016474
2015-12-17,0.08852009568331883,-0.00533757552146763
2015-12-18,0.0572197003570243,-0.020523444550204717
2015-12-21,0.07155245096589061,0.007016490975733092
2015-12-22,0.06221869818941402,0.007063143236370806
2015-12-23,0.08633410686840766,-0.008340487773626393
2015-12-24,0.10093870342336601,0.0037274146983283796
2015-12-28,0.05487969938101172,0.008665051334958873
2015-12-29,0.10778995993484629,0.012555478402936693
2015-12-30,0.10421304600862612,-0.009696073977384922
2015-12-31,-0.036798340548340545,-0.014686476564356288
2016-01-04,0.08670103439728014,-0.02331360936393334
2016-01-05,0.04616715072597426,0.004989259735277418
2016-01-06,0.09024103144248775,0.002336200291317647
2016-01-07,0.05664272707640055,-0.049043439758088
2016-01-08,0.0533355870449146,-0.006025289511062959
2016-01-11,0.04805435260498788,0.0018493815040532269
2016-01-12,0.04289629644271958,0.0190749725115682
2016-01-13,0.04708939549379405,-0.03954916168411782
2016-01-14,0.031106708226173167,0.030699918589950137
2016-01-15,0.04560909948506848,-0.03456339769185435
2016-01-19,0.044823259838090344,0.003053605473305465
2016-01-20,0.04333972203467616,-0.00955284108442489
2016-01-21,0.038547202023625514,-0.002013723530306488
2016-01-22,0.038890007299098216,0.04014442047879774
2016-01-25,0.04142457063224068,-0.009495612436115075
2016-01-26,0.05669976700932287,0.003401651318353016
2016-01-27,0.021722399652889385,-0.029689742124260343
2016-01-28,0.039267163465966655,0.1552144429410931
2016-01-29,0.06635919708509394,0.02841168047639986
2016-02-01,0.030295977011494255,0.02566613739342327
2016-02-02,0.037015132961275614,-0.004170612067184831
2016-02-03,0.026650306439402565,-0.016752448815290477
2016-02-04,0.03609433597657016,-0.019522624278765277
2016-02-05,0.04220379247203282,-0.05810479041606054
2016-02-08,0.06545721614588185,-0.04151051895351421
2016-02-09,0.03697256723572513,-0.0021052539796757586
2016-02-10,0.03648725289195586,0.014667461031185436
2016-02-11,0.03388455675100626,0.009009937248607658
2016-02-12,0.04365542355749729,0.0009812429646520737
2016-02-16,0.04232519549141353,-0.003921199073643078
2016-02-17,0.04079063091456859,0.03533113193904369
2016-02-18,0.04091606863345994,-0.016444826784455358
2016-02-19,0.016462563029978762,0.010631085929677209
2016-02-22,0.051388336996337,0.024768135936155566
2016-02-23,0.03887194233571045,-0.015864170581750603
2016-02-24,0.047162306038117725,0.01346480353947177
2016-02-25,0.03925658910907358,0.011134005164546323
2016-02-26,0.05353012718593167,-0.0013880033894927424
2016-02-29,0.06613906193174486,-0.009266123211330468
2016-03-01,0.04097224650536444,0.02712309741435437
2016-03-02,0.04236320626972245,0.0011837302292772023
2016-03-03,0.06580332354455162,-0.003365121668549964
2016-03-04,0.03140222481345269,-0.010859668018996071
2016-03-07,0.06716490193218917,-0.024540972854446563
2016-03-08,0.033190301211134546,0.0018915817827700465
2016-03-09,0.03553450641620284,0.014915527485158453
2016-03-10,0.03751233980291572,-0.001767300136088723
2016-03-11,0.06289243684279569,0.019474505900375583
2016-03-14,0.05731535485435322,0.004387128338112722
2016-03-15,0.04630336426400078,0.007097996029021392
2016-03-16,0.04159163473242896,0.013644186872808328
2016-03-17,0.055654139879241504,-0.010340556774413368
2016-03-18,0.07625053200544774,0.003873178870273719
2016-03-21,0.04289186010212501,0.0035890671765981264
2016-03-22,0.029555446330499637,0.0035762318402843274
2016-03-23,0.02403961503868567,0.002583527087103299
2016-03-24,0.043898102400819795,0.004531740999480283
2016-03-28,0.03604088720755388,0.005661206301387001
2016-03-29,0.06735556795428825,0.021549801175392513
2016-03-30,0.04970354018175988,-0.012398850085878155
2016-03-31,0.050461779974964566,-0.005231024325064726
2016-04-01,0.03812574133254762,0.017177906316249603
2016-04-04,0.046797367817990716,-0.0302429310759198
2016-04-05,0.06252722424547821,-0.0029320463981055145
2016-04-06,0.0351025646702542,0.01327747146285585
2016-04-07,0.04491279847156713,-0.0006155984116420488
2016-04-08,0.04488307292070733,-0.02648717135161005
2016-04-11,0.03626587363678586,-0.014824183588215467
2016-04-12,0.021083933538281363,0.014863774459441093
2016-04-13,0.046258939445109656,-0.0009040635889094872
2016-04-14,0.03276144167101614,0.0029861025724471357
2016-04-15,0.05959397047198656,-0.010826389280851778
2016-04-18,0.03670644017046231,0.007387792439829566
2016-04-19,0.041791270869586755,0.016659158154140874
2016-04-20,0.045997855778520176,0.0011576921574323329
2016-04-21,0.03197568279580958,0.009073156814395578
2016-04-22,0.05920915129137055,-0.025387912736514973
2016-04-25,0.02549445727637217,-0.004160628569378266
2016-04-26,0.014821678620467314,-0.012170720767135879
2016-04-27,0.027850340208334597,0.0011952671098252043
2016-04-28,0.021618769895388995,0.07199930215107031
2016-04-29,0.037954180916779344,0.007281748048288739
2016-05-02,0.040304580110480735,0.008419780986158143
2016-05-03,0.03813076016093849,-0.00961456854670295
2016-05-04,0.02599860581631415,0.005364874834205446
2016-05-05,0.03427249806357788,-0.0021175673824312957
2016-05-06,0.03648181666685604,0.014260252440292165
2016-05-09,0.030347223082517197,-0.002092225328223951
2016-05-10,0.01992606272422786,0.010566941955752363
2016-05-11,0.022484495639376118,-0.008132807941357623
2016-05-12,0.02913645250773097,0.0063587864589733645
2016-05-13,0.05770450578697466,-0.003907559240713954
2016-05-16,0.035240508683561995,-0.00951506061996965
2016-05-17,0.06803840993415683,-0.01112328065384316
2016-05-18,0.08467680367354988,0.0025564810878457855
2016-05-19,0.02986203741945791,-0.007139855132941686
2016-05-20,0.037881873366369494,0.004622899810065029
2016-05-23,0.039982961372403605,-0.011759669973257836
2016-05-24,0.04425598733738269,0.01491761411855741
2016-05-25,0.03875438009505367,0.001614294361365065
2016-05-26,0.0423373043150926,0.013402339801805274
2016-05-27,0.06962641649469607,-0.0007533603947897927
2016-05-31,0.07379612342085916,-0.0047746666773178514
2016-06-01,0.055108929989011284,-0.000252493728754577
2016-06-02,0.05713797771529731,0.0012628517210007129
2016-06-03,0.05288090716941892,-0.003867813699590439
2016-06-06,0.06926957006744242,0.0027011031613655145
2016-06-07,0.05894645693230599,-0.00867075318931354
2016-06-08,0.04996071398401147,0.0053498407098289125
2016-06-09,0.04574556190277839,0.0014359166299664494
2016-06-10,0.046450687455095514,-0.01636297952058363
2016-06-13,0.05698373586757425,-0.022894921415340996
2016-06-14,0.05762454815715685,0.008688069501342044
2016-06-15,0.048489146178768816,-0.0029580995307396662
2016-06-16,0.057034827166673005,-0.001832452768488313
2016-06-17,0.05528724073249139,-0.01197659545320362
2016-06-20,0.05017973049341871,0.0030968511229123585
2016-06-21,0.03175091768733637,0.00890883375114293
2016-06-22,0.06382532830759376,-0.004109054053107464
2016-06-23,0.05781287379636436,0.010271250384785047
2016-06-24,0.036953812360202495,-0.02606882127447485
2016-06-27,0.044247501597215334,-0.02774804210870241
2016-06-28,0.058593333593333595,0.034229564887170216
2016-06-29,0.03610826290112004,0.012954807039947669
2016-06-30,0.039029990136651184,0.0010511134665225352
2016-07-01,0.043656705106284936,-0.0007875073403216248
2016-07-05,0.020478056328995298,8.752523532962186e-05
2016-07-06,0.03715132253849068,0.021891419148925673
2016-07-07,0.052880036672940195,-0.007283620362887322
2016-07-08,0.06589616948707858,0.011998268519260558
2016-07-11,0.03998212593982556,0.005373634376423242
2016-07-12,0.05272009186816489,0.0005090146533950346
2016-07-13,0.046808935176172864,-0.00975156044181269
2016-07-14,0.0482886420491023,0.004367204500441257
2016-07-15,0.05714890932530526,-0.0036661292677920843
2016-07-18,0.0400629914388595,0.021478710620579378
2016-07-19,0.05245192006415598,0.010387851514102708
2016-07-20,0.04589978744874411,0.010861433976987467
2016-07-21,0.049409589211747484,-0.010744730792880186
2016-07-22,0.07056562953537017,0.0032335576459234794
2016-07-25,0.02429030982003543,0.005206588871222717
2016-07-26,0.04458721874832986,-0.0033708463534747324
2016-07-27,0.03046279716355474,0.01748882276719055
2016-07-28,0.03211377172862156,0.013458762051214768
2016-07-29,0.03186887698745406,-0.008479980468750092
2016-08-01,0.03357232147344088,0.002985276019842331
2016-08-02,0.03804761244211931,-0.009814184254392622
2016-08-03,0.031060422955494937,-0.0047119523837503285
2016-08-04,0.03553825700829943,0.0151007953788449
2016-08-05,0.05643931043236599,0.006352532258363297
2016-08-08,0.022469100479956164,0.0008789501319248494
2016-08-09,0.02635368751990736,-0.0015967154257205962
2016-08-10,0.04156722573116015,-0.0014393115999500328
2016-08-11,0.045081106363573896,0.00016018796365258048
2016-08-12,0.06559865447282666,-0.00016016230757853744
2016-08-15,0.055782616749336246,-0.007847499592351426
2016-08-16,0.07137322924100903,-0.004842602637061155
2016-08-17,0.0474234672525633,0.00867801839692639
2016-08-18,0.05426249926733486,-0.003698633708402954
2016-08-19,0.06857927061651667,-0.0028246799545744716
2016-08-22,0.054696660756501175,0.00477504029575071
2016-08-23,0.056123390089500104,0.001772059750295485
2016-08-24,0.06981483600917739,-0.0071560615099601765
2016-08-25,0.037631531750894114,0.0033203435501187872
2016-08-26,0.021121256093271017,0.008636691420579767
2016-08-29,0.07375588405702042,0.012644060840514282
2016-08-30,0.05143335894566209,-0.0055318837724998016
2016-08-31,0.05278137852576055,0.0022250986716463306
2016-09-01,0.0677028324177447,0.0003964115229504461
2016-09-02,0.043634910306689444,0.0026948083713995707
2016-09-06,0.0826318549336842,0.025452482309194613
2016-09-07,0.05029056933438163,0.010175035594628845
2016-09-08,0.05232006344625392,-0.00595191729212563
2016-09-09,0.03921417041392829,-0.024334119093983753
2016-09-12,0.04047744249214837,0.012509866139840176
2016-09-13,0.04166575832320299,-0.011500530956998434
2016-09-14,0.048292591506143866,0.004402150480497191
2016-09-15,0.07568350691176778,0.004539480908569704
2016-09-16,0.028124714075203075,0.005609670326953031
2016-09-19,0.02308688826004843,-0.003254152040755076
2016-09-20,0.05531298053318778,-7.76875811123734e-05
2016-09-21,0.04458053071029023,0.0101057451642248
2016-09-22,0.04316642129142129,0.0010774156304296234
2016-09-23,0.04809085478440317,-0.01629768386177799
2016-09-26,0.0380981475615622,-0.005079724371127803
2016-09-27,0.039754139941877584,0.010839721225957444
2016-09-28,0.03731388878432357,0.004196077984990998
2016-09-29,0.03354853398583431,-0.00882147664890387
2016-09-30,0.06399228183466232,0.0014053239106626148
2016-10-03,0.0783439981390801,0.0038980274681985616
2016-10-04,0.06144845000228212,-0.0045041687645476225
2016-10-05,0.03916441472989092,0.002184248178206172
2016-10-06,0.035225443112149465,0.0021016912111417874
2016-10-07,0.049100922978363326,0.0019418983170174098
2016-10-10,0.06655898502013022,0.009690673282948703
2016-10-11,0.00840044646951262,-0.010442264688194758
2016-10-12,0.034440921512350085,0.0013190422292417292
2016-10-13,0.0328889658835702,-0.009531215248714697
2016-10-14,0.041893899817950456,0.00046939100873877315
2016-10-17,0.029725766024557846,-0.0026587139911870006
2016-10-18,0.033833779584730155,0.008075947948076312
2016-10-19,0.021787352592721722,0.01197785796378903
2016-10-20,0.02442915652617145,-0.0008454431622131331
2016-10-21,0.009909687251523988,0.015923133263221256
2016-10-24,0.007767028712028713,0.009161742924021388
2016-10-25,0.031980510294746405,-0.007428012471724643
2016-10-26,0.026602876051151917,-0.009448938418919917
2016-10-27,0.029311358172797487,-0.010302128463779647
2016-10-28,-0.0015274160730509927,0.012337040747990136
2016-10-31,0.021353658023549663,-0.0022849250385362785
2016-11-01,0.010910776031793188,-0.011374955574315337
2016-11-02,-0.00018980687884490995,-0.017992292131696286
2016-11-03,0.006588165128433586,-0.05638120839964145
2016-11-04,0.0021488792093915777,0.006250000000000089
2016-11-07,0.028555403026891205,0.011594215535229102
2016-11-08,0.014243153031031817,0.01694637469476956
2016-11-09,0.022511817977619867,-0.008372250082976262
2016-11-10,0.029858493989462612,-0.019321296050670456
2016-11-11,0.03829157437889973,-0.014735152017576802
2016-11-14,0.016405565084810367,-0.033103637398239294
2016-11-15,0.02052481445824865,0.018421924604240303
2016-11-16,0.03163438437319677,-0.007337889357892813
2016-11-17,0.026868665537032883,0.012463508881549457
2016-11-18,0.0722980291446814,-0.006537093696205476
2016-11-21,0.07855170061932812,0.04059135307009476
2016-11-22,0.03124777126785159,-0.0024636234756795217
2016-11-23,0.0338848164564155,-0.005186505939584363
2016-11-25,0.025117422320618667,-0.003806679066643004
2016-11-28,0.05559562226144377,0.00024926407522873895
2016-11-29,0.052943057997231355,0.003820272987977935
2016-11-30,0.04270487358902842,-0.020269748671830845
2016-12-01,0.03387871344714269,-0.0280358026191464
2016-12-02,0.031124062073754066,0.002606455740529423
2016-12-05,0.05136731224476322,0.017590977057670543
2016-12-06,0.06568520502443062,-0.0010219087649676606
2016-12-07,0.0504654063872544,0.005455625291687305
2016-12-08,0.024778732677354726,0.008139099098819269
2016-12-09,0.06413564826489584,0.0064754572311207514
2016-12-12,0.033769628109705185,-0.015959255157411367
2016-12-13,0.04003471360911287,0.021567470390828847
2016-12-14,0.04868790302219421,-0.0008311734365418211
2016-12-15,0.05457519978074471,0.002994764271635919
2016-12-16,0.03347918771716311,-0.005805730695977007
2016-12-19,0.08981480199497256,-0.0052557342819489206
2016-12-20,0.05150119918922885,-0.001257979944366161
2016-12-21,0.0501272221914546,-0.000419812107655404
2016-12-22,0.049173644593075876,-0.013776876487191947
2016-12-23,0.07543691036718925,-0.0011073669601601166
2016-12-27,0.07737402581152582,0.006310271291440683
2016-12-28,0.0766790831907111,-0.009236538831910668
2016-12-29,0.09004290879051416,-0.00487512575907334
2016-12-30,0.07074721821388488,-0.011173145160396802
2017-01-03,0.044660834019739595,0.015732268670862082
2017-01-04,0.03293755778556362,0.0156597794069544
2017-01-05,0.06319843475120292,0.016682076727705386
2017-01-06,0.06672977924394355,0.022706600934292442
2017-01-09,0.04716804535777371,0.012073558216958435
2017-01-10,0.047124631225211495,-0.004403547198066682
2017-01-11,0.06330766553306096,0.013992745356821601
2017-01-12,0.059540046338981426,0.0042033977641742215
2017-01-13,0.06462403612545256,0.013583901074074145
2017-01-17,0.041247740655755226,-0.003662097590147906
2017-01-18,0.04363757272269177,0.00039098632430900615
2017-01-19,0.05328111396435769,-0.0028923946410542856
2017-01-20,0.03817711327994104,-0.003998448639969898
2017-01-23,0.035845344281016794,0.014877139063550704
2017-01-24,0.043607761563406726,0.003412723698144715
2017-01-25,0.0449562830783116,0.016309814408203893
2017-01-26,0.03320067250993177,0.009887458883492517
2017-01-27,0.049856830147884064,-0.004518798832894522
2017-01-30,0.03795376099458591,-0.009078506693411703
2017-01-31,0.050431129086809016,-0.005038848868900603
2017-02-01,0.029907077418705328,0.0223295598509341
2017-02-02,0.036610676826504165,-0.017938898643636403
2017-02-03,0.07537320417165377,0.0010700045365859001
2017-02-06,0.04525223125423526,0.008245547917876461
2017-02-07,0.036096253212817626,-0.0016659187094525407
2017-02-08,0.05025257606243522,0.017900490563600657
2017-02-09,0.0490894485101328,-0.0004470757075865084
2017-02-10,0.05210709963766198,0.0003727676456339868
2017-02-13,0.06568702117625796,-0.0010432922505502207
2017-02-14,0.027852040404040407,-0.0014919578044692017
2017-02-15,0.04616001177185388,-0.003063157589939025
2017-02-16,0.03128656216529679,0.0029975561238468895
2017-02-17,0.06822955262385191,-0.0023161802680503607
2017-02-21,0.04802842056932966,0.0014229195172861253
2017-02-22,0.032640051963822456,0.017947905134424902
2017-02-23,0.04857172826600071,-0.005583268690111609
2017-02-24,0.05333502435064935,0.0005910300730935791
2017-02-27,0.07682997593168696,0.007161851766229521
2017-02-28,0.03498712137299093,-0.006377907430686669
2017-03-01,0.03717786753060121,0.01387048086127396
2017-03-02,0.03303607416469735,-0.004802821066101082
2017-03-03,0.0535040885040885,0.002997979515777738
2017-03-06,0.04483994843603052,0.0018225559767965915
2017-03-07,0.04767867753161871,-0.0008731998165214527
2017-03-08,0.039579606432443314,0.003058981497523927
2017-03-09,0.04092696178838501,0.00377580792805543
2017-03-10,0.023521583430120015,0.003978499501694044
2017-03-13,0.04774727294842237,0.00583624797583826
2017-03-14,0.03461276371776372,-0.0020057218270409516
2017-03-15,0.03288553617266488,0.0028710441821433452
2017-03-16,0.03803092547526685,0.001932466863025839
2017-03-17,0.05941440872173356,-0.0010715704649412183
2017-03-20,0.06890915942369431,0.0007151466399784034
2017-03-21,0.062384005923331765,-0.010218721663729169
2017-03-22,0.06722881904219932,0.007797284484055034
2017-03-23,0.07611375737968094,-0.00042981273850395407
2017-03-24,0.06317996791185197,0.005805185735541896
2017-03-27,0.054374490650397386,-0.0001424327646678547
2017-03-28,0.03624309169814788,0.010262165817095603
2017-03-29,0.058507169183746856,0.006278212642040648
2017-03-30,0.025260608033941367,-0.0016823711506721573
2017-03-31,0.04883360035933565,-0.0025279165865743636
2017-04-03,0.07063954472671578,0.0016191180753108991
2017-04-04,0.03590962978929784,-0.003865638575179964
2017-04-05,0.060028597457394924,0.0008467535426111006
2017-04-06,0.028764809097496437,-0.004793851993732501
2017-04-07,0.03307480356483679,-0.0027626223326978616
2017-04-10,0.05714623610988407,0.001846814242721706
2017-04-11,0.05444948316706242,-0.007940975400610895
2017-04-12,0.06378935271979891,-0.0024299338360489475
2017-04-13,0.06263145743145743,-0.001361244009985274
2017-04-17,0.042201245967987036,0.014563446360468468
2017-04-18,0.04662550423061786,-0.0032526620070282286
2017-04-19,0.05186127390370744,0.00929339880958513
2017-04-20,0.043961248005122175,0.010754190857875878
2017-04-21,0.07566805197585544,-0.0008345644883843706
2017-04-24,0.04988496621858543,0.01245830064148934
2017-04-25,0.04371420150199623,0.007011784312240588
2017-04-26,0.029571120316966237,0.00047779413478798993
2017-04-27,0.026879644803661083,0.007778380244532146
2017-04-28,0.04246720372619653,0.017264746814120713
2017-05-01,0.04872910595673242,0.014708863320247456
2017-05-02,0.026081332326318957,0.002098859053772939
2017-05-03,0.028838714786121124,-0.006414424239882033
2017-05-04,0.021724993145447694,-0.006258214289483699
2017-05-05,0.02116179831389191,-0.004043755954063255
2017-05-08,0.03785810662648898,0.005457880960121564
2017-05-09,0.020922230161813497,-0.0038395461434435063
2017-05-10,0.023464858936663446,-0.0012626425225999993
2017-05-11,0.04976601136816191,-0.0016634507363643136
2017-05-12,0.04702257569694545,0.0019328749526721367
2017-05-15,0.05272408192051049,-0.0009312804359955518
2017-05-16,0.04826201307436174,-0.002729899829846061
2017-05-17,0.04957026304854944,-0.03291489328321917
2017-05-18,0.09079977311992618,0.019399360995439707
2017-05-19,0.07019636160940508,0.0027088845087643865
2017-05-22,0.029622303789472462,0.001215776965679538
2017-05-23,0.027783407921656768,-0.0011467765963699694
2017-05-24,0.0330995035995036,0.013304422668126925
2017-05-25,0.03351998616349475,0.012796677643625465
2017-05-26,0.06274572236078858,0.0011187033524249212
2017-05-30,0.06402136500578426,0.0016433313085908452
2017-05-31,0.043060105254222894,-0.006037525524774989
2017-06-01,0.07190681974772885,0.00046211582151789443
2017-06-02,0.034451564709140466,0.013726666982187608
2017-06-05,0.05473854178175524,0.00013022766995285373
2017-06-06,0.028891623219512667,-0.0053375466911183
2017-06-07,0.03926888800375483,0.0020286471012793683
2017-06-08,0.07435973570224531,0.010384088606212316
2017-06-09,0.06935022216728724,-0.03302954164950944
2017-06-12,0.06999359367006426,-0.007754034858171832
2017-06-13,0.07482325270460864,0.015090206127281514
2017-06-14,0.08645622186266358,-0.0028536812893698027
2017-06-15,0.06459644503964472,-0.002994988008267474
2017-06-16,0.06992616048224413,0.0056074520746196566
2017-06-19,0.059973367284363845,0.01480347674305893
2017-06-20,0.08797963024546583,-0.00405570181847803
2017-06-21,0.09946584031476118,0.010903143921900726
2017-06-22,0.04980587937871402,-0.00331368821707434
2017-06-23,0.0670702268574609,0.010886659023345846
2017-06-26,0.0853755033083655,-0.009544147265265424
2017-06-27,0.061673263326106925,-0.019597594756198156
2017-06-28,0.06530472688748151,0.017665052661467007
2017-06-29,0.08411201185731458,-0.014356644010492414
2017-06-30,0.06926899882790688,-0.0003972296163976541
2017-07-03,0.04540849673202614,-0.01688967494978333
2017-07-05,0.02941488190172401,0.012868043901891335
2017-07-06,0.028538591294823983,-0.010110343559246115
2017-07-07,0.03719597245028279,0.017605126920062553
2017-07-10,0.0395637334105644,0.013602730621922632
2017-07-11,0.038919179440405856,0.011530972459028899
2017-07-12,0.05167438973874284,0.023378563303532163
2017-07-13,0.05230905753354733,0.0022655797619859364
2017-07-14,0.037697864892309335,0.004458161109861747
2017-07-17,0.06355674356879176,-0.0015003156300095188
2017-07-18,0.04616626531080439,0.019595598613497245
2017-07-19,0.028422684889153477,0.007859503711775906
2017-07-20,0.04707233356137738,0.0023760167606838856
2017-07-21,0.03753058559112371,-0.000607828993238968
2017-07-24,0.04576389148048631,0.009548180953303564
2017-07-25,0.033218183859327774,-0.004337356751223598
2017-07-26,0.02924014468079216,0.0019966229035091043
2017-07-27,0.030798879162129814,0.029164916449814893
2017-07-28,0.008496273853894176,0.011792973938303808
2017-07-31,0.05989036937088885,-0.018556085850222503
2017-08-01,0.029762260859731098,0.0036041394998616028
2017-08-02,0.029251750656496187,-0.0032968183008450502
2017-08-03,0.02602687906635275,-0.0041937785060176536
2017-08-04,0.03184850911915132,0.006109489303461002
2017-08-07,0.04316242042002498,0.013913457601039791
2017-08-08,0.03240752882988259,-0.004360972314409128
2017-08-09,0.0393131400585946,-0.00029202273553385893
2017-08-10,0.03579346776234327,-0.022082012741151846
2017-08-11,0.041368437809718946,0.004062174189748191
2017-08-14,0.037356947356947355,0.015885281650752647
2017-08-15,0.03253809935535479,0.0014641288433381305
2017-08-16,0.03254623218600164,-0.005847953216374324
2017-08-17,0.03798535100736805,-0.018176449046415466
2017-08-18,0.04394667744351289,0.0029956263197512545
2017-08-21,0.03573752114074695,0.0022101135481382705
2017-08-22,0.06982903927348372,0.011085949599977551
2017-08-23,0.05707040976723297,-0.005482154439562015
2017-08-24,0.0387346733790554,-0.005749518001906373
2017-08-25,0.07257234013313041,-0.008465471100769562
2017-08-28,0.06042316017316018,0.005531494278688376
2017-08-29,0.08537240244518726,0.004843324156831974
2017-08-30,0.0761623615896575,0.011127611325371767
2017-08-31,0.06830342910722657,0.01206451903159489
2017-09-01,0.10008544629973201,0.0002907661301556619
2017-09-05,0.05725422064707779,-0.007557278336644768
2017-09-06,0.04074949701831422,0.008024807330081929
2017-09-07,0.05858389468527718,0.006508282874139182
2017-09-08,0.05875701851135377,-0.013047801385738689
2017-09-11,0.06116870173293784,0.014975124915438398
2017-09-12,0.04306922084571854,-0.0031697758652575736
2017-09-13,0.05885744001658789,0.0005203303330088005
2017-09-14,0.06036213084409602,-0.012077412892420036
2017-09-15,0.055238718965354476,0.003977495607609294
2017-09-18,0.06170252632939199,-0.009496649316061534
2017-09-19,0.04498966782947366,0.014763895339835909
2017-09-20,0.05578565347741484,-0.002028785618175988
2017-09-21,0.06280972596375073,-0.006156691466962849
2017-09-22,0.05455300224466891,-0.0033312332545469836
2017-09-25,0.0404885643053582,-0.04497477700774011
2017-09-26,0.057083056845830565,0.00822749209094975
2017-09-27,0.0549773885703205,0.021131391632913443
2017-09-28,0.0556114402889517,0.00626194595432783
2017-09-29,0.10230492388595155,0.01268298135385515
2017-10-02,0.07985994493546578,-0.008193327889570168
2017-10-03,0.05002556010947215,0.002891399596592459
2017-10-04,0.05777844846026664,-0.009061005437088099
2017-10-05,0.07443039092741473,0.016743898318951178
2017-10-06,0.10413185205959292,0.005781302281110401
2017-10-09,0.04423405445230842,0.0015676959830392967
2017-10-10,0.06283349408091143,-0.005275383548460133
2017-10-11,0.04927339772386942,0.006702075760925297
2017-10-12,0.0546136181139607,-0.0010999330517780237
2017-10-13,0.03658466093624595,0.006896565751142392
2017-10-16,0.10822551498614345,0.004489459851706679
2017-10-17,0.052150896210486526,0.009110682437345696
2017-10-18,0.044264165968711425,-0.00045427193672942234
2017-10-19,0.036926812795740775,-0.008350856279594643
2017-10-20,0.061579929769771266,0.0024060390399829323
2017-10-23,0.052651623458585484,-0.021202374818061753
2017-10-24,0.019616253199844533,0.0030945219015334757
2017-10-25,0.03476199792555603,-0.0069848482358912944
2017-10-26,0.03473813754832274,0.00017584277973980988
2017-10-27,0.02280825531740166,0.042489596158537646
2017-10-30,0.04182461757297284,0.011187262085393002
2017-10-31,0.030057631851811373,0.0010563320540619703
2017-11-01,0.04984356490070776,0.014439665326939188
2017-11-02,0.029170626613228657,-0.02047522948747127
2017-11-03,0.04691202947710806,0.0
2017-11-06,0.032565657057142074,0.006986362691663306
2017-11-07,0.034540150372934016,0.0004440352548578108
2017-11-08,0.05152736349671833,-0.0038280301881068457
2017-11-09,0.03504798256235038,-0.0014479533881208706
2017-11-10,0.05070727014629454,-0.004684865162261853
2017-11-13,0.02841574176646772,0.0017370701946166633
2017-11-14,0.05615921221218945,-0.003915628637427004
2017-11-15,0.0615348051397888,-0.0006739505309170113
2017-11-16,0.060921706949527664,0.009216068658463916
2017-11-17,0.02861588931901432,-0.003285240547477808
2017-11-20,0.028111999072720942,-0.0014524832784130748
2017-11-21,0.044349659771663906,0.017455494132827765
2017-11-22,0.07812763442697652,-0.005443778125159282
2017-11-24,0.09532789551961332,0.010560091301334174
2017-11-27,0.03861502822422363,0.001367764534794036
2017-11-28,0.038176917522815525,-0.003332790331748381
2017-11-29,0.026181668709625697,-0.03996268698227534
2017-11-30,0.08927931420105142,0.011705520103996392
2017-12-01,0.06924098124098124,-0.011739398680706392
2017-12-04,0.04662720808724526,-0.020731038014164982
2017-12-05,0.060269609194768425,0.007931420077387674
2017-12-06,0.037174435984743,0.018688860112936023
2017-12-07,0.06786799605825128,0.0231739287040309
2017-12-08,0.06783074462634722,-0.006328407868940733
2017-12-11,0.05817029753012093,0.00022342617951287558
2017-12-12,0.04222775484376413,-0.011617441076092416
2017-12-13,0.06452842346864086,0.0075723117487067615
2017-12-14,0.06283590689368228,0.0005047466985432791
2017-12-15,0.09445049423731594,0.010034157140294653
2017-12-18,0.0725239896575238,0.0035520849953032396
2017-12-19,0.068209536183424,-0.007244844399513228
2017-12-20,0.04053521989244738,-0.009024539951873356
2017-12-21,0.06325904094666045,-0.0024734523745906234
2017-12-22,0.05373773123773124,-0.0014088475869228345
2017-12-26,0.04862598963909447,-0.006828394333615817
2017-12-27,0.08607612661923006,0.009261830633255697
2017-12-28,0.053778781705026917,0.001689016214418304
2017-12-29,0.031178343261676594,-0.008205887309484905
2018-01-02,0.07270990954573944,0.028108303674275747
2018-01-03,0.05019461412665173,0.0179142323492556
2018-01-04,0.05435902915352068,-0.001841102189103716
2018-01-05,0.03811679756143691,0.013671156336072743
2018-01-08,0.03842950341702422,0.007653158303827068
2018-01-09,0.06573433985933985,-0.0021776272825982934
2018-01-10,0.052734175028632306,-0.00015967839504194004
2018-01-11,0.07541575153814134,-0.00037261534707355715
2018-01-12,0.07057115347868773,-0.04473562850371293
2018-01-16,0.025032809694942683,-0.005463543258162007
2018-01-17,0.05829820318570319,-0.004428461734602429
2018-01-18,0.04869577177188171,0.012387369778354085
2018-01-19,0.10395869340431488,0.008286931085012661
2018-01-22,0.0355034167039421,0.022505389057051683
2018-01-23,0.025697798016733445,0.021470632201354922
2018-01-24,0.03457081414273195,-0.014787446324279752
2018-01-25,0.05309751449376678,0.004985219300817745
2018-01-26,0.059517688404785184,0.01344145684813891
2018-01-29,0.01795262081637743,-0.021157917223478817
2018-01-30,0.03103237282567348,0.006129688223665664
2018-01-31,0.03647211383624427,-0.0012291349590674017
2018-02-01,0.052722270097853303,0.03317457846054017
2018-02-02,0.031812327453603496,-0.014552786844930776
2018-02-05,0.045282440650205126,-0.04740384869837577
2018-02-06,0.030042625736865027,0.022343612349635222
2018-02-07,0.017042697408741023,-0.027683368142025877
2018-02-08,0.011906185030151971,-0.04772999885842777
2018-02-09,0.025588590017765495,0.02640167112107461
2018-02-12,0.04069216134508231,0.0017034981018573259
2018-02-13,0.02129633572256523,-0.01847973299671335
2018-02-14,0.04652773256500169,0.03678897257013358
2018-02-15,0.03379960927424696,0.0024509939334584896
2018-02-16,0.04469768189262237,-0.014447688411401205
2018-02-20,0.034071064907090755,-0.0076116717347193275
2018-02-21,0.03340245797382958,0.010794893554750162
2018-02-22,0.02092125900719651,0.006070495243796659
2018-02-23,0.03667996691182175,0.024023619537421492
2018-02-26,0.0515322824495084,0.008947566423270326
2018-02-27,0.024357846410085215,-0.01876378142726487
2018-02-28,0.05353195552672904,-0.017304085051642826
2018-03-01,0.048513737446068274,-0.013346819117639463
2018-03-02,0.06001616490052614,0.003864912278875865
2018-03-05,0.043253065760765964,0.02140187342202604
2018-03-06,0.06314794255152108,-0.003436780145033125
2018-03-07,0.034832755161037995,0.021860095456975204
2018-03-08,0.04308722041847042,-0.0074574619014105
2018-03-09,0.043662930984359555,0.015849508871838447
2018-03-12,0.040776825108865024,-0.0025373926013280146
2018-03-13,0.03819938537697523,-0.01558773386907042
2018-03-14,0.04037921020300539,0.012700668004061777
2018-03-15,0.051897776053436435,-0.0017916381273713755
2018-03-16,0.048468056307118805,0.006689849469465381
2018-03-19,0.05373646077851148,-0.06769679089745506
2018-03-20,0.05473513583578519,-0.025556349817471014
2018-03-21,0.05603941624715772,0.007374401059612401
2018-03-22,0.06596294770279543,-0.026565913077599257
2018-03-23,0.07194688481453188,-0.0333555705037214
2018-03-26,0.08814785095856524,0.004203514470863423
2018-03-27,0.048328491958926745,-0.0489816097555581
2018-03-28,0.028067790817985525,0.005321229484286594
2018-03-29,0.053949145974368534,0.044174309356071806
2018-04-02,0.05525139641447588,-0.02753610414517882
2018-04-03,0.06369762787610889,0.00463351067334572
2018-04-04,0.060617901706137,-0.006469761724983036
2018-04-05,0.07483502812922703,0.027337137766101582
2018-04-06,0.02921258590750116,-0.013430396879829387
2018-04-09,0.04378502107913873,0.004643738814953169
2018-04-10,0.04130623591807802,0.04501995149805316
2018-04-11,0.02711018650696935,0.007755780963143666
2018-04-12,0.04060489531095967,-0.014730712476793473
2018-04-13,0.050462722799557526,0.003966614844948202
2018-04-16,0.0691511759439391,0.0018842545012360823
2018-04-17,0.054661418465340034,0.023236072247213357
2018-04-18,0.043000219925124865,-0.013636920442416267
2018-04-19,0.03284375083235018,0.010459277992187044
2018-04-20,0.05531588155286072,-0.01082693193418438
2018-04-23,0.04854857451324843,-0.0026461537445057193
2018-04-24,0.03213014026789537,-0.03708390033942155
2018-04-25,0.01615418513364942,0.0
2018-04-26,0.018174251013536726,0.09061306906806821
2018-04-27,0.03610380096094382,-0.003272894535100157
2018-04-30,0.0377687697553769,-0.009159492893793919
2018-05-01,0.022949080637286408,0.010813957036927668
2018-05-02,0.024797238971346114,0.0127114155418655
2018-05-03,0.0200086943949575,-0.01164311334401713
2018-05-04,0.04992867695170327,0.014883325332158304
2018-05-07,0.02352525466216904,0.007700586635249973
2018-05-08,0.015135225819467526,0.005337961126741231
2018-05-09,0.024039972663688416,0.0209032278752459
2018-05-10,0.02487482522598971,0.01571222522526905
2018-05-11,0.05104876457382152,0.007869383514652162
2018-05-14,0.05213000185189282,-0.0018717904338927394
2018-05-15,0.03098652859639592,-0.01243030472040585
2018-05-16,0.049443528221761374,-0.006076444940708248
2018-05-17,0.06244973103778287,0.003056755283418422
2018-05-18,0.04541285308556301,-0.005877241311163295
2018-05-21,0.12009676832617336,0.009908106470067679
2018-05-22,0.01557631224297891,-0.0037400532324871616
2018-05-23,0.01970977491169799,0.01686610877723238
2018-05-24,0.015450841652073685,-0.005189947845800291
2018-05-25,0.014134695987589877,-0.005432122554843155
2018-05-29,0.027888949445468582,0.0044343896405927286
2018-05-30,0.03574985393937007,0.010390829216661457
2018-05-31,0.045828328620682444,0.021900147335492726
2018-06-01,0.05265980962802479,0.011523655897039298
2018-06-04,0.058496665044424474,-0.0036600169790306225
2018-06-05,0.019798452209166498,-0.00175908702420291
2018-06-06,0.039408926241099686,-0.008292765021610804
2018-06-07,0.03041711050323255,-0.01651512345871009
2018-06-08,0.0718902565387955,0.004889007671073031
2018-06-11,0.03465144643716072,0.012903157609003735
2018-06-12,0.0373621675755155,0.0044899271196428
2018-06-13,0.04937928478241703,5.2025810511890924e-05
2018-06-14,0.03339109474691485,0.022867802155501105
2018-06-15,0.049346482221482225,-0.004877757568145458
2018-06-18,0.05937254953718368,0.0125605891162337
2018-06-19,0.0530309581861306,-0.004134900285031495
2018-06-20,0.04408395428260954,0.022836570871390238
2018-06-21,0.05933068810649086,-0.0024752475247524774
2018-06-22,0.05597491541026024,0.0011910942588788664
2018-06-25,0.050053768311301795,-0.02671755349898175
2018-06-26,0.03687726912258528,0.013496276109547622
2018-06-27,0.03980241859589686,-0.015879415387484164
2018-06-28,0.041658555904879435,0.001991418489282859
2018-06-29,0.06726665001665003,-0.00973341713757292
2018-07-02,0.03975903869686253,0.01564426292481902
2018-07-03,0.05384113378137282,-0.023459692280573097
2018-07-05,0.04788593000714213,0.029678832291313295
2018-07-06,0.07302486000148602,0.024086665924935913
2018-07-09,0.04332700474570654,0.007430053620871346
2018-07-10,0.05909227740849917,-0.005861151581688984
2018-07-11,0.04022954200719438,-0.004913039368111938
2018-07-12,0.04660049782159609,0.0216253827787225
2018-07-13,0.06619487875440257,0.0019331585096324932
2018-07-16,0.03951503530328157,-0.0004341674392233097
2018-07-17,0.028856079066633438,0.013318582360315467
2018-07-18,0.041975100544899814,-0.0030001660380594153
2018-07-19,0.02211804507995756,-0.006066126618066825
2018-07-20,0.07221908667931395,0.008890413456068336
2018-07-23,0.07318629192018367,0.004620373484914175
2018-07-24,0.029320336428305577,0.017827483009576373
2018-07-25,0.05315830792354883,0.013183033750377549
2018-07-26,0.03562772818771946,-0.1896092206582256
2018-07-27,0.059354713703784444,-0.0077725811862223715
2018-07-30,0.03039177640571526,-0.021899490219115303
2018-07-31,0.0320077390473269,0.008885796177684924
2018-08-01,0.02217827085863458,-0.0053888511108067805
2018-08-02,0.036900686193239385,0.027497823411223532
2018-08-03,0.04401739283519489,0.007994577882550313
2018-08-06,0.029101494805565214,0.0444932147396917
2018-08-07,0.03427159425457091,-0.010124427045585027
2018-08-08,0.03245815594975636,0.007453322100996251
2018-08-09,0.04304441682239241,-0.011286296687298303
2018-08-10,0.046112352542208655,-0.015456889440491062
2018-08-13,0.022650733128431366,-0.0011649365443101578
2018-08-14,0.03126021943824974,0.005887239881295914
2018-08-15,0.03944098245627501,-0.008723989982496905
2018-08-16,0.054182852768214815,-0.026903591956196626
2018-08-17,0.07921981879612966,-0.005151653761911734
2018-08-20,0.04621528059865861,-0.0074798793379230455
2018-08-21,0.073266804371375,0.0006956238677535698
2018-08-22,0.041480743757213306,0.005908957834047435
2018-08-23,0.05565405346603522,-0.004261722504982801
2018-08-24,0.07058880504355824,0.010121457847174442
2018-08-27,0.09859566759370296,0.016089395451386768
2018-08-28,0.03829723920993763,-0.006762155762600197
2018-08-29,0.052016174394131254,-0.00204244083496552
2018-08-30,0.04629410670257127,0.009892015654008768
2018-08-31,0.04522749410824725,-0.010752103516504907
2018-09-04,0.06773903328882583,-0.026005759839175302
2018-09-05,0.06894478206978207,-0.023253160207831858
2018-09-06,0.05326424757734771,-0.027814296567785446
2018-09-07,0.062492241735149535,0.003137848462845705
2018-09-10,0.07033431113069864,0.006992145710210895
2018-09-11,0.020072107125678557,0.01072000148703034
2018-09-12,0.06551396229894171,-0.023743536118106756
2018-09-13,0.04870954277204277,-0.0039506135163484
2018-09-14,0.0450121920047781,0.005949471431804243
2018-09-17,0.0593053809584102,-0.010719599646694
2018-09-18,0.05106895233080068,-0.0017436715413134962
2018-09-19,0.04589854790941748,0.017217682185226124
2018-09-20,0.07108393027529836,0.018152868626184926
2018-09-21,0.05391466101342644,-0.018612284767855813
2018-09-24,0.052148166136784024,0.015221328778079357
2018-09-25,0.05145044147447994,-0.0030227917836298523
2018-09-26,0.06354820507072466,0.01237034285871852
2018-09-27,0.046654216197373276,0.011320751268024232
2018-09-28,0.027282758046646934,-0.02594165907974788
2018-10-01,0.017707707309600404,-0.012282647391443913
2018-10-02,0.06281860190118016,-0.019145534127121056
2018-10-03,0.0408957728758952,0.019456416300136725
2018-10-04,0.04539672567721348,-0.022040181824125704
2018-10-05,0.09613116358512959,-0.009568802102975171
2018-10-08,0.058729751844922226,-0.0005084969816538942
2018-10-09,0.05037251343906437,0.0041335064959260315
2018-10-10,0.04315155253900358,-0.041291888953119416
2018-10-11,0.044674332997699386,0.01301361578253446
2018-10-12,0.0518054817036793,0.002543197744545145
2018-10-15,0.038076238030886556,-0.0014309952702122875
2018-10-16,0.03623073578981782,0.03426260005504367
2018-10-17,0.025864725919632462,0.004030730536394689
2018-10-18,0.028682265935407767,-0.028227324373891416
2018-10-19,0.051434607485874764,-0.005615770252196506
2018-10-22,0.04264040079989755,0.004738693366294733
2018-10-23,0.04129644983202488,-0.002519701464816171
2018-10-24,0.038051350701953104,-0.05408385346541733
2018-10-25,0.031180624240325732,0.033620952395480685
2018-10-26,0.030424225901325135,-0.03696589562017649
2018-10-29,0.03887901922839255,-0.022563107171137742
2018-10-30,0.04412909095217727,0.029066119989132222
2018-10-31,0.014071976871797873,0.0380932295098424
2018-11-01,0.022082040747494515,-0.0002634777515104769
2018-11-02,0.02561149671056478,-0.009225659943883802
2018-11-05,0.025477890414940776,-0.011107504888191233
2018-11-06,0.019281610316766565,0.008474642370830843
2018-11-07,0.020918886477672007,0.010604217100183
2018-11-08,0.02749402733947739,-0.024153657306103193
2018-11-09,0.012413931074354527,-0.019679370388929418
2018-11-12,0.013485104519793515,-0.02352375485771252
2018-11-13,0.0002349297932103842,0.004309435515366999
2018-11-14,0.022659135816162215,0.014490697140737474
2018-11-15,0.03263877693909596,-0.0025654910141159615
2018-11-16,0.0328925583426005,-0.03003133222747334
2018-11-19,0.060930779186174865,-0.057191971600039304
2018-11-20,0.04180767350007254,0.00668939265381252
2018-11-21,0.049198642266824084,0.018047381866801215
2018-11-23,0.04837796859039836,-0.02291953292398763
2018-11-26,0.028191505747685523,0.035299546846499386
2018-11-27,0.04402318923003976,-0.010118821186421711
2018-11-28,0.05067861419718911,0.013036996346932783
2018-11-29,0.03432922533894424,0.014039179921503608
2018-11-30,0.04796980231615206,0.013916989014287395
2018-12-03,0.061258129286125354,0.003413667061059167
2018-12-04,0.050484207451348885,-0.022397078064568143
2018-12-06,0.024152656252921272,0.01232518159431284
2018-12-07,0.013562163145496476,-0.015827591753806658
2018-12-10,0.03630641233766234,0.03223699602385399
2018-12-11,0.022861060076232863,0.0016214008998436391
2018-12-12,0.04713039561849086,0.017032644550658782
2018-12-13,0.032194456948328634,0.003529373749729725
2018-12-14,0.05118761465535659,-0.006551251529061997
2018-12-17,0.030970893992214085,-0.02686377330815548
2018-12-18,0.03343472669357998,0.024752130396412886
2018-12-19,0.04861311882306357,-0.07253235349661635
2018-12-20,0.05065375782134023,0.0012007535028848437
2018-12-21,0.04199744401357304,-0.0633433083572642
2018-12-24,0.012891949801040711,-0.007122844428856578
2018-12-26,0.033142214066127114,0.08157339445704714
2018-12-27,0.03267759185259185,0.002533996238181846
2018-12-28,0.03165787444519672,-0.009812721396775803
2018-12-31,0.027015677144543126,-0.015840845785990876
2019-01-02,0.032514883124198715,0.03501408548414098
2019-01-03,0.033983978886610464,-0.029038822194161762
2019-01-04,0.08767382444436268,0.047138235889935265
2019-01-07,0.06409791228139852,0.0007249445866472914
2019-01-08,0.07651226466692196,0.032451978475215304
2019-01-09,0.04738101790922059,0.011927292238840037
2019-01-10,0.07225883357383357,-0.0002079926519137354
2019-01-11,0.06596851407449233,-0.0027738828359888945
2019-01-14,0.04069276272865382,0.01105699794261028
2019-01-15,0.04370733085602367,0.024485848913534225
2019-01-16,0.05106147809103585,-0.009466288627043906
2019-01-17,0.04324442927709388,0.005151211876166073
2019-01-18,0.06532212350526304,0.011732907610040533
2019-01-22,0.009524582242174834,-0.016462183900553096
2019-01-23,0.040909773409773406,-0.022159003253801934
2019-01-24,0.04077567022225612,0.010602901919191776
2019-01-25,0.06821609383352725,0.021806162215270986
2019-01-28,0.036146345071906866,-0.010334832178402364
2019-01-29,0.020128250974320843,-0.02224180343219795
2019-01-30,0.04076609311266351,0.04320684944901587
2019-01-31,0.04445591241071752,0.10816383772447047
2019-02-01,0.032049429494571416,-0.005879151197946242
2019-02-04,0.053066746152258135,0.02136258006582148
2019-02-05,0.027879852372227974,0.011285102878046516
2019-02-06,0.029904986184212803,-0.00391445521506284
2019-02-07,0.008960379077532362,-0.024106988550225306
2019-02-08,0.024212112413331925,0.005709802382271256
2019-02-11,0.029759912231614987,-0.009203421550647906
2019-02-12,0.011522433353683356,-0.004523795345751647
2019-02-13,0.025561729483298108,-0.005877278243900386
2019-02-14,0.033830605719598256,-0.0007314583447259881
2019-02-15,0.046303247597107244,-0.00884414135548861
2019-02-19,0.04796030235300893,-0.0012923490084134626
2019-02-20,0.018970816958848873,0.00166371485384742
2019-02-21,0.029605308113910645,-0.015501995019116643
2019-02-22,0.025815006161721492,0.01155964871985482
2019-02-25,0.035952878626197955,0.016863275914704934
2019-02-26,0.04503628565272911,-0.0029764928253471767
2019-02-27,0.013438651340571523,-0.008042449795582662
2019-02-28,0.012476161033015232,-0.00835329912625371
2019-03-01,0.04468076982168841,0.005140921937092147
2019-03-04,0.02423102503689708,0.03136551870950588
2019-03-05,0.04742164259599882,0.02324191613272597
2019-03-06,0.030970608655477076,0.007298844097242574
2019-03-07,0.040327503148995955,-0.019593007545365748
2019-03-08,0.03969511071217108,0.0027789345895707918
2019-03-11,0.04976746596950434,0.014563685918711267
2019-03-12,0.04734802526423102,-0.0008717914156346485
2019-03-13,0.02742039070720781,0.008434137759920635
2019-03-14,0.027575288153884443,-0.018457616879317462
2019-03-15,0.06374460139548734,-0.024622450998949885
2019-03-18,0.025856962032149065,-0.03319673845443849
2019-03-19,0.030094041798587254,0.006854901820575909
2019-03-20,0.03732356865498628,0.023952435116386894
2019-03-21,0.047699355066702004,0.003868468207228748
2019-03-22,0.050669695626477544,-0.010476911572617209
2019-03-25,0.034915942347582975,0.011865626090394432
2019-03-26,0.05353627643400371,0.00835888776095306
2019-03-27,0.039626316177012004,-0.010794356140589101
2019-03-28,0.033928341303894397,-0.0019291739003405306
2019-03-29,0.08026142279166473,0.006886133304944808
2019-04-01,0.09088395454674524,0.012058278705362024
2019-04-02,0.028448829334246,0.03260225310903486
2019-04-03,0.06395341388428946,-0.003788769653684132
2019-04-04,0.04275299349509282,0.014290717311709722
2019-04-05,0.074854045459141,-0.0017043690744004136
2019-04-08,0.04679232131191086,-0.004495837351660592
2019-04-09,0.04792597385377815,0.015148969680602642
2019-04-10,0.03525035466174707,0.0013515344672223595
2019-04-11,0.032652977591887365,-0.0017434079665600288
2019-04-12,0.07768902356902357,0.008957307452445828
2019-04-15,0.018717355544508655,0.003070841843807015
2019-04-16,0.05465730922700168,-0.004341769027536468
2019-04-17,0.04734201310804395,-0.0005031382587764588
2019-04-18,0.04802072348947349,-0.002796733434466847
2019-04-22,0.03658032680578343,0.01772494774369693
2019-04-23,0.03753557364978496,0.01289680503970625
2019-04-24,-0.011341473367096632,-0.00652952963441511
2019-04-25,0.013035441398907735,0.05849486564067252
2019-04-26,0.0025139343438788926,-0.0091585897960339
2019-04-29,0.02196864929697548,0.0171810182868799
2019-04-30,0.009891462147639002,-0.007084941428591618
2019-05-01,0.004869639619639621,-0.001913108215430226
2019-05-02,0.004207772446408811,-0.002590270958721219
2019-05-03,0.04102907550529961,0.015270360255787763
2019-05-06,0.021355177529368902,-0.008134221762731597
2019-05-07,0.020493668616436474,-0.021198682209832898
2019-05-08,0.01260497189960361,-0.0012120513313466086
2019-05-09,0.003129977566452977,-0.004695575715806033
2019-05-10,0.022908589866923203,-0.001643241816185026
2019-05-13,0.025819916785941123,-0.03610493354559863
2019-05-14,0.057978255377245276,-0.004461813311390284
2019-05-15,0.02690210215169631,0.030653508968559784
2019-05-16,0.03767791612057667,0.0038653632049636677
2019-05-17,0.03906592841419725,-0.009037929256962673
2019-05-20,0.04482983831461691,-0.013923377164403172
2019-05-21,0.05314507591719981,0.01149302807293151
2019-05-22,0.04494266508501384,0.0027053348132535238
2019-05-23,0.017441331973912892,-0.024012583807240584
2019-05-24,0.046728553782992066,0.0010504917705289607
2019-05-28,0.0808393230893231,0.01794985112019698
2019-05-29,0.03356252101932996,-0.01150233381405974
2019-05-30,0.04993654381485741,0.00450075226105473
2019-05-31,0.05234765140899827,-0.030271534082396245
2019-06-03,0.05862225385323211,-0.0750549796168305
2019-06-04,0.05131699794727964,0.020408201206685295
2019-06-05,0.03716596907532581,0.003999989068330212
2019-06-06,0.04722789789125016,0.0009514399943599816
2019-06-07,0.05995104527417028,0.02982239777730933
2019-06-10,0.042104443823041286,0.00847996059385947
2019-06-11,0.07035670374018678,0.018762147591115497
2019-06-12,0.0272384696969697,-0.017181430165725375
2019-06-13,0.0722638573670127,0.013882586995978885
2019-06-14,0.04462194259988378,0.02175015824534321
2019-06-17,0.06565776319331365,0.04235367891815689
2019-06-18,0.079146849659891,-0.002856956255365195
2019-06-19,0.07979772360690375,-0.005252854495420567
2019-06-20,0.08550929020598137,0.010934516206929423
2019-06-21,0.07070951381690818,0.008494700684435585
2019-06-24,0.04773801436893153,0.007638415394628506
2019-06-25,0.040524952546457924,-0.01952237614989516
2019-06-26,0.02581973308219415,-0.006248637463802664
2019-06-27,0.06510641524615103,0.009804946722710595
2019-06-28,0.08771942640692641,0.01846965699208436
2019-07-01,0.06104925889002653,0.0
2019-07-02,0.049153607971102575,0.010362694300518172
2019-07-03,0.06357759247147736,0.011282035632011134
2019-07-05,0.04480474470697935,-0.004056810670071909
2019-07-08,0.061662497431276775,-0.003258652798053374
2019-07-09,0.03692053244333118,0.017623683611774688
2019-07-10,0.049824280753968254,0.01766973994799237
2019-07-11,0.04708951608593186,-0.0073990037567797096
2019-07-12,0.08406883603609794,0.018088751512855605
2019-07-15,0.03317017987156876,-0.004685856777265185
2019-07-16,0.05686746718889576,-0.0003433246185150507
2019-07-17,0.047953847163497744,-0.010007816536413694
2019-07-18,0.05316461740420074,-0.005054530510583466
2019-07-19,0.06384930854477597,-0.012052984279601553
2019-07-22,0.07824023226828838,0.019963736144798627
2019-07-23,0.04083182858182858,0.00019767341184784293
2019-07-24,0.032593426465490745,0.011365897632044764
2019-07-25,0.04219568200763496,-0.01930028768475711
2019-07-26,0.04129938542845811,-0.004783053568603424
2019-07-29,0.06331511848792955,-0.01907383008056951
2019-07-30,0.053044857479381285,0.005613916663369967
2019-07-31,0.030820227002397546,-0.014261051838918903
2019-08-01,0.03049658707434298,-0.007722803032463421
2019-08-02,0.04483358764608764,-0.019249683688692176
2019-08-05,0.06821854303748454,-0.0385673917053444
2019-08-06,0.05997944632398414,0.015297412890852069
2019-08-07,0.019508630493799986,0.0034686434811244116
2019-08-08,0.04543437075856273,0.027059194873244152
2019-08-09,0.044392333026006495,-0.012147652051470947
2019-08-12,0.023864389829579703,-0.013202080946228323
2019-08-13,0.06031293366873672,0.016615428128525123
2019-08-14,0.03249757339577699,-0.0463782986251543
2019-08-15,0.04312711844693124,0.01602576103961173
2019-08-16,0.0908772225249498,0.0060791972868954325
2019-08-19,0.05341521252831482,0.013445842469986813
2019-08-20,0.03630046287861919,-0.012676589319241094
2019-08-21,0.05447271751202281,-0.0014144742412774969
2019-08-22,0.06658245014868293,-0.008226694309556692
2019-08-23,0.0739545569734249,-0.023566213163882854
2019-08-26,0.05914968161298436,0.014683547737561753
2019-08-27,0.05479028298727798,0.005211812143630423
2019-08-28,0.03852950916051081,0.0025371839345575964
2019-08-29,0.06267774031755668,0.020961778898158423
2019-08-30,0.043852345651231785,0.0005388308497065175
2019-09-03,0.07330259817840463,-0.017665744663348026
2019-09-04,0.05805404223836427,0.026043094555049384
2019-09-05,0.04510252675045062,0.020091880512445703
2019-09-06,0.052483777326950753,-0.017862695193009648
2019-09-09,0.058798027393137484,0.006773635801712974
2019-09-10,0.04937647907647908,-0.013721108355917333
2019-09-11,0.06928860540562667,0.012461767991819084
2019-09-12,0.057528497188844736,-0.005411450171016963
2019-09-13,0.042653609922840695,-0.001493565783718287
2019-09-16,0.047495954180114486,-0.005181907196174951
2019-09-17,0.04984024417847947,0.009988189228648636
2019-09-18,0.047336605451839826,0.0003190002020929672
2019-09-19,0.05135198762660469,0.010630381665186928
2019-09-20,0.05186473066842995,-0.0011044846667787045
2019-09-23,0.07468706733209496,-0.016374377252103556
2019-09-24,0.06664811289625278,-0.029654257187279764
2019-09-25,0.06486817103306465,0.00838484268918993
2019-09-26,0.059892177959455034,-0.014715549214977863
2019-09-27,0.053516048274027,-0.01671197877206021
2019-09-30,0.06965889467549809,0.0055335725226697274
2019-10-01,0.04215152061742971,-0.012747103824799488
2019-10-02,0.019621709003784477,-0.0068823813883215346
2019-10-03,0.0639837308248387,0.027376853449036842
2019-10-04,0.06883946300612967,0.005964946127238191
2019-10-07,0.08684811356440293,-0.004267133751638674
2019-10-08,0.07255609961402644,-0.010741277573757313
2019-10-09,0.05878162087345761,0.011814380329201901
2019-10-10,0.0708236621839563,0.001000793270352407
2019-10-11,0.08408564826811037,0.023107280399469632
2019-10-14,0.029853603603603604,-0.0049405703352377595
2019-10-15,0.06619160415648019,0.03060890794257931
2019-10-16,0.07141773780372265,0.003494116492360755
2019-10-17,0.0532060172264327,0.004431529012749458
2019-10-18,0.030290866313407296,-0.023845755032759763
2019-10-21,0.05480028584313488,0.021038408796944408
2019-10-22,0.052399581612512645,-0.03910201509137379
2019-10-23,0.039992167641749225,0.020895018290630674
2019-10-24,0.03769885604869631,0.00123562177743608
2019-10-25,0.05075780876818939,0.008101697968005528
2019-10-28,0.07361792671104653,0.00803658795966311
2019-10-29,0.03982951380977697,-0.0004751654740805522
2019-10-30,0.029628809918198988,-0.005599268777475075
2019-10-31,0.027898921752161906,0.018061056555030097
2019-11-01,0.042806130635078,0.010279161405907233
2019-11-04,0.039574828260635686,0.005681262944200904
2019-11-05,0.021607491335884892,-0.0020542003593714275
2019-11-06,0.046394831808537394,-0.014254858831078798
2019-11-07,0.0416078213663441,-0.005899268414562009
2019-11-08,0.06689560114634853,0.0022056410722823827
2019-11-11,0.04527325576252897,-0.006445167423716036
2019-11-12,0.0388006046396034,0.025631562653379403
2019-11-13,0.05184185616426996,-0.006581985762648346
2019-11-14,0.049359190957190956,-0.0002070942823968469
2019-11-15,0.048809473272513136,0.010095844000265863
2019-11-18,0.026593805736203617,0.011788763306078476
2019-11-19,0.01637994194591417,0.009726512092706585
2019-11-20,0.04337638487148291,-0.009080938946779082
2019-11-21,0.05545271934611334,0.002126465397328303
2019-11-22,0.0694955039521853,0.004496613355083445
2019-11-25,0.06277873358801596,0.00487871404376472
2019-11-26,0.06490511206121716,-0.004104269948371875
2019-11-27,0.026283326652771097,0.015228420167399559
2019-11-29,0.03143193931939319,-0.0017821812393641334
2019-12-02,0.046165751244802634,-0.00962111906009977
2019-12-03,0.049858252746357586,-0.004406558024392493
2019-12-04,0.04383288269011308,-0.0005532673086173778
2019-12-05,0.05013662539981499,0.003271067759664348
2019-12-06,0.07007005035918999,0.0084771390260443
2019-12-09,0.06716098529058089,0.001442393840989764
2019-12-10,0.061636579049652765,-0.002334365894764323
2019-12-11,0.06357898296381001,0.0069198955714493415
2019-12-12,0.06961802456140954,-0.027242137132806765
2019-12-13,0.05783226597858555,-0.013418040099864803
2019-12-16,0.08701895041064296,0.019628033314170956
2019-12-17,0.04176102594766978,0.0023747030368397315
2019-12-18,0.03592500893706736,0.020716773138747202
2019-12-19,0.051585685805422644,0.017580234857252908
2019-12-20,0.03999263327534356,0.0011647359798490076
2019-12-23,0.03753246236041935,-0.0005817274561380481
2019-12-24,0.0626075192923019,-0.005141127152238245
2019-12-26,0.017967289719626172,0.01301676205393787
2019-12-27,0.022548132708626534,0.0014919525838565928
2019-12-30,0.0610027576219747,-0.01773187089466366
2019-12-31,0.04588433108841272,0.0041093700055852
2020-01-02,0.054398720134339607,0.022070639606805775
2020-01-03,0.06542783817927496,-0.005291260448139101
2020-01-06,0.08287559946249537,0.018833603148778577
2020-01-07,0.07721565217144785,0.0021636474217887613
2020-01-08,0.06406559506850469,0.010138006603118255
2020-01-09,0.011729557436449354,0.01431094607185801
2020-01-10,0.05201693272005772,-0.0010994296372373036
2020-01-13,0.04988061326729147,0.01765571928194265
2020-01-14,0.06959402485741771,-0.012843071770009873
2020-01-15,0.041284741011303513,0.009540748476141392
2020-01-16,0.05016586335788502,0.0028035740135119447
2020-01-17,0.017364215462899676,0.001668373134596557
2020-01-21,0.024985913997442603,-0.003151152202059526
2020-01-22,0.015365104659762423,-0.0005418854582033283
2020-01-23,0.03532853145539285,-0.007048675066676058
2020-01-24,0.024749274755501406,-0.008281726023491975
2020-01-27,0.05209060796870714,-0.014086479259557416
2020-01-28,0.03863078975821432,0.013589604110861409
2020-01-29,0.023520822826041274,0.02497820197945977
2020-01-30,0.01150371006988654,-0.06137166693746454
2020-01-31,0.040179307394374225,-0.03636708424369273
2020-02-03,0.03869072729643417,0.011292153622622925
2020-02-04,0.04044322431621628,0.02762132975274767
2020-02-05,0.03260399658010141,0.0013344077436663326
2020-02-06,0.019441797254923506,0.0035219908191630456
2020-02-07,0.03230810105058602,0.007019187501528856
2020-02-10,0.036764692102125615,0.0034380244018452633
2020-02-11,0.04663880580453928,-0.02755090202032484
2020-02-12,0.03027130143210805,0.017230522821386263
2020-02-13,0.03764063973344277,0.011292488825412672
2020-02-14,0.030821800419001632,0.004879390490339475
2020-02-18,0.025677297575637824,0.01690172051437333
2020-02-19,0.023201362571407872,-0.0014233129212585238
2020-02-20,0.025800550922917033,-0.013379942013937107
2020-02-21,0.023351867986328996,-0.020505215386929176
2020-02-24,0.042600624734001696,-0.045009000783775344
2020-02-25,0.030174272918292055,-0.01967913971811397
2020-02-26,0.029855559483565493,0.002185255203765113
2020-02-27,0.0154601075022262,-0.03777888977451427
2020-02-28,0.01596563919619475,0.014334657289608144
2020-03-02,0.03941906717518831,0.020626597368546662
2020-03-03,0.05149372985700635,-0.05370598106617641
2020-03-04,0.07625006676757816,0.0315777886731996
2020-03-05,0.022209974829837845,-0.03436585589626584
2020-03-06,0.011661792242149385,-0.02203381687854289
2020-03-09,0.015319790292012515,-0.06400130637953749
2020-03-10,0.01926598372233293,0.051268450981747815
2020-03-11,0.007418639585366465,-0.04461528053941388
2020-03-12,0.0037435113667315207,-0.09263395067908509
2020-03-13,0.041871454191883296,0.10234995425425542
2020-03-16,0.004612025867317993,-0.14252997678205148
2020-03-17,0.03939747800998947,0.023354590715704227
2020-03-18,0.01050956995956996,-0.01646360249781742
2020-03-19,0.0178767937623737,0.041984199013806345
2020-03-20,0.03518555081055081,-0.022203415704684426
2020-03-23,0.007722471367331181,-0.010886192950873341
2020-03-24,0.06354112132299772,0.08696819104126763
2020-03-25,0.029464405891571246,-0.029630942603235955
2020-03-26,0.051727902890471196,0.045643616398298725
2020-03-27,0.03361268395709885,-0.04010042364766708
2020-03-30,0.03708305325710389,0.058422119104201364
2020-03-31,0.03354320783011127,0.005122061579674098
2020-04-01,0.02162664774665798,-0.04316544854023796
2020-04-02,0.059386779666291585,-0.008834609073854693
2020-04-03,0.03222315363313374,-0.02534932488613062
2020-04-06,0.06081394711677908,0.07374504420872618
2020-04-07,0.04870247927589578,0.01981273765528968
2020-04-08,0.06034035132698655,0.0322809742885386
2020-04-09,0.05196844560910296,0.005221503720927778
2020-04-13,0.01604886906487348,-0.00228328757177354
2020-04-14,0.06467230663309094,0.019337519381211976
2020-04-15,0.0412049315446163,-0.006735123536928622
2020-04-16,0.05188675080824063,-0.004068493053832278
2020-04-17,0.0762413339431056,0.016964570173980453
2020-04-20,0.04336824087773455,-0.0055791116344177105
2020-04-21,0.008108680027345305,-0.04174148458322169
2020-04-22,0.04084021745274517,0.06721308853876451
2020-04-23,0.04737837766010632,0.01563531996160683
2020-04-24,0.037285231261388344,0.02668396430137454
2020-04-27,0.05108707610268484,-0.01352137225856398
2020-04-28,0.036717694583352105,-0.024479980468750107
2020-04-29,0.05418253531059506,0.06166966570146992
2020-04-30,0.03505970504557543,0.0541737686811925
2020-05-01,0.022793449529432987,-0.011919312009093797
2020-05-04,0.03095364660507278,0.014782173190383219
2020-05-05,0.04976202886345235,0.00881814706139683
2020-05-06,0.023878148250488677,0.00676096898133749
2020-05-07,0.02448391538520294,0.013383188323480288
2020-05-08,0.03953522550205398,0.005159574103105191
2020-05-11,0.022380431252953283,0.0039085780476080245
2020-05-12,0.01287161516542644,-0.014447821925530846
2020-05-13,0.023137687584204997,-0.02379819064610844
2020-05-14,0.030989814140826907,0.008337354481672055
2020-05-15,0.04031340304474053,0.019679935072121735
2020-05-18,0.056779094937601506,0.010954085285977744
2020-05-19,0.061761704541524805,0.017308515404799163
2020-05-20,0.05882415869452907,0.060355938967096456
2020-05-21,0.04143802639918307,0.006174710446614107
2020-05-22,0.04498058885558885,0.0152124304496557
2020-05-26,0.07279596452036989,-0.011536361464474676
2020-05-27,0.06809571902167345,-0.013178284232604143
2020-05-28,0.06220782543685665,-0.01606001870290441
2020-05-29,0.051278108749753366,-0.0016411353009765373
2020-06-01,0.05730887037490811,0.03029902454652378
2020-06-02,0.038097679017945564,0.0034927236678152784
2020-06-03,0.06858639353886502,-0.011000333212296431
2020-06-04,0.04632797035678076,-0.016814434803615885
2020-06-05,0.11073501724789278,0.019797653980498042
2020-06-08,0.05997081380251315,0.002729945887073315
2020-06-09,0.01836034393630907,0.03141747823776142
2020-06-10,-0.009165263003552965,-0.00812838838685126
2020-06-11,0.007161714749030927,-0.051957940581024986
