date,negative,neutral,positive
2009-02-14,0,1,0
2009-04-27,0,2,0
2009-04-29,0,1,0
2009-05-22,0,1,0
2009-05-27,0,0,6
2009-05-29,0,2,0
2009-05-30,0,0,3
2009-06-01,0,5,0
2009-06-02,0,2,0
2009-06-05,0,2,4
2009-06-08,0,0,3
2009-06-09,0,7,0
2009-06-15,0,3,0
2009-06-16,0,0,3
2009-06-19,0,5,0
2009-06-22,0,0,1
2009-06-28,0,0,2
2009-06-30,0,0,3
2009-07-07,0,2,0
2009-07-08,0,2,0
2009-07-10,0,1,0
2009-07-14,0,3,0
2009-07-15,0,2,0
2009-07-16,0,1,0
2009-07-17,0,1,0
2009-07-21,0,3,4
2009-07-24,0,1,0
2009-07-27,3,40,11
2009-07-30,0,1,0
2009-08-01,0,1,0
2009-08-03,0,0,1
2009-08-04,4,3,0
2009-08-06,1,45,3
2009-08-07,19,497,128
2009-08-08,0,7,0
2009-08-09,2,19,14
2009-08-10,25,833,272
2009-08-11,0,27,21
2009-08-12,24,402,106
2009-08-13,23,470,158
2009-08-16,2,76,27
2009-08-17,8,108,42
2009-08-18,0,5,1
2009-08-19,0,2,1
2009-08-21,1,4,2
2009-08-22,0,3,1
2009-08-23,0,5,1
2009-08-24,0,9,0
2009-08-25,1,31,6
2009-08-26,0,15,5
2009-08-27,2,39,11
2009-08-28,33,24,3
2009-08-29,0,8,2
2009-08-30,0,7,3
2009-08-31,7,28,5
2009-09-01,7,23,6
2009-09-02,0,23,16
2009-09-03,4,43,13
2009-09-04,1,17,7
2009-09-05,0,2,3
2009-09-06,0,5,1
2009-09-07,0,21,4
2009-09-08,3,60,22
2009-09-09,1,63,6
2009-09-10,6,45,19
2009-09-11,3,39,7
2009-09-12,2,6,0
2009-09-13,0,17,5
2009-09-14,3,40,18
2009-09-15,6,42,19
2009-09-16,6,27,17
2009-09-17,4,22,6
2009-09-18,4,21,11
2009-09-20,0,1,0
2009-09-21,4,28,17
2009-09-22,1,25,12
2009-09-23,4,25,9
2009-09-24,1,21,10
2009-09-25,3,16,4
2009-09-27,0,7,0
2009-09-28,4,15,7
2009-09-29,2,21,8
2009-09-30,3,13,16
2009-10-01,3,26,4
2009-10-02,2,17,6
2009-10-04,0,5,1
2009-10-05,5,32,17
2009-10-06,8,36,12
2009-10-07,4,24,11
2009-10-08,6,41,28
2009-10-09,2,16,9
2009-10-11,0,3,3
2009-10-12,7,16,11
2009-10-13,2,21,19
2009-10-14,1,23,13
2009-10-15,3,26,7
2009-10-16,0,6,3
2009-10-18,0,17,1
2009-10-19,1,45,10
2009-10-20,5,40,14
2009-10-21,7,30,15
2009-10-22,4,41,19
2009-10-23,6,37,24
2009-10-24,3,5,3
2009-10-25,0,6,0
2009-10-26,11,66,25
2009-10-27,8,72,16
2009-10-28,12,74,25
2009-10-29,8,75,35
2009-10-30,1,59,30
2009-10-31,0,1,0
2009-11-01,0,3,0
2009-11-02,15,67,22
2009-11-03,4,74,13
2009-11-04,4,82,24
2009-11-05,13,65,29
2009-11-06,7,48,26
2009-11-07,0,0,1
2009-11-08,0,0,2
2009-11-09,3,71,27
2009-11-10,8,78,22
2009-11-11,5,90,33
2009-11-12,5,83,51
2009-11-13,9,58,30
2009-11-14,0,2,0
2009-11-15,0,2,0
2009-11-16,6,75,21
2009-11-17,10,71,34
2009-11-18,9,80,41
2009-11-19,9,86,36
2009-11-20,6,50,34
2009-11-21,0,2,5
2009-11-22,0,3,1
2009-11-23,8,90,43
2009-11-24,9,89,48
2009-11-25,12,48,40
2009-11-26,0,4,3
2009-11-27,4,47,35
2009-11-28,4,3,0
2009-11-29,3,8,1
2009-11-30,13,59,36
2009-12-01,2,69,38
2009-12-02,7,81,38
2009-12-03,9,60,30
2009-12-04,16,87,55
2009-12-05,0,1,0
2009-12-06,0,15,0
2009-12-07,2,100,59
2009-12-08,12,97,49
2009-12-09,7,100,60
2009-12-10,18,92,54
2009-12-11,8,69,44
2009-12-12,0,4,5
2009-12-13,0,6,4
2009-12-14,2,112,68
2009-12-15,24,82,54
2009-12-16,14,86,54
2009-12-17,10,84,38
2009-12-18,2,84,37
2009-12-19,0,2,0
2009-12-20,0,6,5
2009-12-21,2,133,62
2009-12-22,20,106,60
2009-12-23,11,108,43
2009-12-24,2,47,18
2009-12-28,4,78,36
2009-12-29,9,65,26
2009-12-30,5,49,56
2009-12-31,7,67,34
2010-01-01,0,5,0
2010-01-02,0,0,4
2010-01-03,1,8,1
2010-01-04,2,109,54
2010-01-05,4,134,64
2010-01-06,8,110,57
2010-01-07,6,141,79
2010-01-08,6,143,56
2010-01-09,0,5,0
2010-01-10,0,1,1
2010-01-11,7,149,76
2010-01-12,13,132,75
2010-01-13,6,109,52
2010-01-14,13,98,82
2010-01-15,23,104,47
2010-01-16,1,21,2
2010-01-17,0,16,0
2010-01-18,6,30,11
2010-01-19,6,109,50
2010-01-20,0,128,66
2010-01-21,8,129,54
2010-01-22,14,109,62
2010-01-23,0,12,0
2010-01-24,0,1,0
2010-01-25,13,159,64
2010-01-26,8,108,67
2010-01-27,14,128,59
2010-01-28,15,121,46
2010-01-29,8,93,63
2010-01-30,0,5,1
2010-01-31,0,13,2
2010-02-01,10,126,50
2010-02-02,21,176,75
2010-02-03,18,140,44
2010-02-04,8,153,59
2010-02-05,5,131,51
2010-02-06,0,2,5
2010-02-07,0,7,0
2010-02-08,3,123,46
2010-02-09,17,166,53
2010-02-10,9,133,65
2010-02-11,7,122,73
2010-02-12,17,142,57
2010-02-13,0,11,0
2010-02-14,1,10,2
2010-02-15,0,53,8
2010-02-16,8,150,59
2010-02-17,10,155,60
2010-02-18,7,105,56
2010-02-19,5,110,61
2010-02-20,0,4,3
2010-02-21,0,11,0
2010-02-22,12,186,64
2010-02-23,5,154,70
2010-02-24,11,130,84
2010-02-25,18,124,59
2010-02-26,3,106,69
2010-02-27,0,12,3
2010-02-28,0,17,0
2010-03-01,10,129,18
2010-03-02,10,110,55
2010-03-03,11,105,75
2010-03-04,6,124,55
2010-03-05,10,117,48
2010-03-06,5,16,4
2010-03-07,1,23,1
2010-03-08,14,120,57
2010-03-09,9,103,65
2010-03-10,25,108,56
2010-03-11,16,110,81
2010-03-12,16,104,49
2010-03-13,0,7,3
2010-03-14,1,7,2
2010-03-15,28,105,64
2010-03-16,9,141,48
2010-03-17,8,178,47
2010-03-18,15,129,42
2010-03-19,14,101,43
2010-03-20,0,11,0
2010-03-21,0,108,2
2010-03-22,1,185,48
2010-03-23,7,169,53
2010-03-24,13,101,70
2010-03-25,2,199,99
2010-03-26,4,112,31
2010-03-27,0,2,0
2010-03-28,0,9,0
2010-03-29,5,232,57
2010-03-30,6,109,58
2010-03-31,13,123,52
2010-04-01,3,205,29
2010-04-02,0,35,13
2010-04-03,0,9,0
2010-04-04,1,14,5
2010-04-05,11,146,79
2010-04-06,14,120,65
2010-04-07,14,121,40
2010-04-08,36,135,32
2010-04-09,4,108,27
2010-04-10,5,1,0
2010-04-11,0,6,7
2010-04-12,15,92,41
2010-04-13,8,137,52
2010-04-14,11,135,58
2010-04-15,8,119,27
2010-04-16,4,74,38
2010-04-17,0,8,8
2010-04-18,0,4,0
2010-04-19,27,121,42
2010-04-20,13,115,66
2010-04-21,21,133,62
2010-04-22,9,121,48
2010-04-23,12,128,66
2010-04-24,1,9,0
2010-04-25,0,1,1
2010-04-26,1,154,43
2010-04-27,10,143,36
2010-04-28,6,110,55
2010-04-29,5,122,48
2010-04-30,7,107,40
2010-05-01,0,5,0
2010-05-02,1,13,13
2010-05-03,28,118,47
2010-05-04,25,160,36
2010-05-05,6,135,54
2010-05-06,15,160,52
2010-05-07,8,116,29
2010-05-08,3,4,2
2010-05-09,0,9,0
2010-05-10,4,156,54
2010-05-11,41,444,141
2010-05-12,19,197,59
2010-05-13,8,184,34
2010-05-14,16,169,57
2010-05-15,0,6,4
2010-05-16,1,6,1
2010-05-17,13,220,68
2010-05-18,13,184,63
2010-05-19,16,182,50
2010-05-20,19,175,55
2010-05-21,2,139,42
2010-05-22,0,2,4
2010-05-23,0,4,2
2010-05-24,15,175,50
2010-05-25,25,149,55
2010-05-26,27,188,49
2010-05-27,21,153,57
2010-05-28,19,115,51
2010-05-29,0,6,1
2010-05-30,0,9,1
2010-05-31,1,38,0
2010-06-01,15,172,72
2010-06-02,14,173,63
2010-06-03,18,144,66
2010-06-04,18,138,53
2010-06-05,1,13,2
2010-06-06,0,5,2
2010-06-07,17,138,49
2010-06-08,26,169,61
2010-06-09,9,180,61
2010-06-10,7,148,50
2010-06-11,10,96,33
2010-06-12,0,16,0
2010-06-13,1,21,10
2010-06-14,13,140,58
2010-06-15,14,114,55
2010-06-16,14,135,36
2010-06-17,11,167,48
2010-06-18,5,134,40
2010-06-19,8,17,0
2010-06-20,0,17,2
2010-06-21,21,134,44
2010-06-22,12,144,45
2010-06-23,16,120,52
2010-06-24,5,157,73
2010-06-25,18,91,35
2010-06-26,11,6,3
2010-06-27,0,10,4
2010-06-28,28,159,70
2010-06-29,9,108,46
2010-06-30,19,128,40
2010-07-01,9,124,33
2010-07-02,8,99,34
2010-07-03,0,3,6
2010-07-04,0,4,2
2010-07-05,0,5,2
2010-07-06,7,154,38
2010-07-07,6,142,48
2010-07-08,7,154,42
2010-07-09,13,86,53
2010-07-10,0,2,0
2010-07-11,0,15,4
2010-07-12,16,141,59
2010-07-13,16,165,66
2010-07-14,12,151,51
2010-07-15,15,156,61
2010-07-16,6,140,37
2010-07-17,2,2,0
2010-07-18,13,19,6
2010-07-19,20,196,52
2010-07-20,19,211,67
2010-07-21,24,167,67
2010-07-22,21,203,70
2010-07-23,6,129,49
2010-07-24,0,21,3
2010-07-25,0,36,10
2010-07-26,11,163,61
2010-07-27,15,208,65
2010-07-28,32,189,67
2010-07-29,22,189,62
2010-07-30,6,183,64
2010-07-31,5,9,2
2010-08-01,0,7,1
2010-08-02,5,248,80
2010-08-03,33,293,50
2010-08-04,30,348,69
2010-08-05,39,281,75
2010-08-06,22,199,53
2010-08-07,0,3,1
2010-08-08,0,11,6
2010-08-09,25,252,76
2010-08-10,21,169,45
2010-08-11,24,211,70
2010-08-12,19,227,84
2010-08-13,25,167,61
2010-08-14,0,2,0
2010-08-15,0,13,7
2010-08-16,17,224,80
2010-08-17,40,364,85
2010-08-18,41,328,55
2010-08-19,28,279,84
2010-08-20,22,189,56
2010-08-21,12,1,4
2010-08-22,0,29,5
2010-08-23,20,202,82
2010-08-24,23,160,58
2010-08-25,14,204,79
2010-08-26,21,228,76
2010-08-27,13,186,54
2010-08-28,0,2,2
2010-08-29,8,16,3
2010-08-30,17,241,79
2010-08-31,20,264,114
2010-09-01,21,268,71
2010-09-02,27,282,56
2010-09-03,15,236,59
2010-09-04,0,6,1
2010-09-05,0,3,1
2010-09-06,2,18,0
2010-09-07,22,365,84
2010-09-08,25,376,91
2010-09-09,18,297,65
2010-09-10,18,293,86
2010-09-11,0,9,1
2010-09-12,5,8,2
2010-09-13,30,302,62
2010-09-14,19,301,111
2010-09-15,23,252,84
2010-09-16,27,314,92
2010-09-17,19,264,60
2010-09-18,0,7,0
2010-09-19,7,25,2
2010-09-20,24,278,73
2010-09-21,27,370,63
2010-09-22,20,304,89
2010-09-23,29,242,84
2010-09-24,22,212,65
2010-09-25,0,12,4
2010-09-26,9,8,2
2010-09-27,19,223,100
2010-09-28,28,222,76
2010-09-29,24,214,84
2010-09-30,21,228,90
2010-10-01,4,212,53
2010-10-02,3,6,3
2010-10-03,1,5,2
2010-10-04,21,289,69
2010-10-05,11,266,80
2010-10-06,26,315,74
2010-10-07,31,268,74
2010-10-08,13,218,36
2010-10-09,0,0,1
2010-10-10,3,10,0
2010-10-11,21,220,84
2010-10-12,12,215,94
2010-10-13,13,243,64
2010-10-14,10,243,74
2010-10-15,20,175,49
2010-10-16,0,1,0
2010-10-17,2,15,0
2010-10-18,34,370,80
2010-10-19,42,395,87
2010-10-20,55,327,89
2010-10-21,23,335,119
2010-10-22,17,250,79
2010-10-23,0,1,0
2010-10-24,5,7,1
2010-10-25,21,360,95
2010-10-26,27,346,99
2010-10-27,29,521,100
2010-10-28,33,423,126
2010-10-29,39,292,86
2010-10-31,0,18,1
2010-11-01,14,307,73
2010-11-02,46,497,98
2010-11-03,30,407,81
2010-11-04,28,521,95
2010-11-05,12,284,50
2010-11-06,0,6,3
2010-11-07,3,4,3
2010-11-08,25,371,92
2010-11-09,46,412,87
2010-11-10,40,355,70
2010-11-11,48,320,106
2010-11-12,38,262,58
2010-11-13,2,8,7
2010-11-14,1,5,1
2010-11-15,29,367,89
2010-11-16,22,385,82
2010-11-17,58,421,76
2010-11-18,59,590,130
2010-11-19,54,432,97
2010-11-20,5,15,2
2010-11-21,4,28,11
2010-11-22,72,541,139
2010-11-23,52,557,121
2010-11-24,54,404,99
2010-11-25,0,14,6
2010-11-26,34,217,42
2010-11-27,4,22,0
2010-11-28,0,18,6
2010-11-29,61,410,90
2010-11-30,64,507,110
2010-12-01,54,464,124
2010-12-02,56,483,115
2010-12-03,44,446,93
2010-12-04,4,5,2
2010-12-05,0,44,16
2010-12-06,44,576,132
2010-12-07,50,467,107
2010-12-08,40,553,137
2010-12-09,60,565,118
2010-12-10,75,474,90
2010-12-11,4,17,2
2010-12-12,0,20,8
2010-12-13,41,545,128
2010-12-14,50,464,148
2010-12-15,50,563,122
2010-12-16,69,590,102
2010-12-17,50,446,84
2010-12-18,3,21,10
2010-12-19,0,18,2
2010-12-20,68,532,149
2010-12-21,52,561,119
2010-12-22,54,583,95
2010-12-23,53,402,107
2010-12-24,1,15,1
2010-12-25,5,0,0
2010-12-26,0,27,3
2010-12-27,63,332,88
2010-12-28,39,341,99
2010-12-29,38,439,119
2010-12-30,27,387,128
2010-12-31,14,194,67
2011-01-01,3,4,1
2011-01-02,3,23,5
2011-01-03,60,430,115
2011-01-04,65,426,157
2011-01-05,66,468,145
2011-01-06,54,557,125
2011-01-07,47,442,119
2011-01-08,2,9,0
2011-01-09,4,31,9
2011-01-10,73,586,110
2011-01-11,79,559,137
2011-01-12,43,536,111
2011-01-13,53,546,128
2011-01-14,63,480,97
2011-01-15,3,2,7
2011-01-16,1,18,0
2011-01-17,22,157,40
2011-01-18,48,579,166
2011-01-19,57,558,81
2011-01-20,68,651,106
2011-01-21,44,395,123
2011-01-22,0,9,0
2011-01-23,2,23,9
2011-01-24,35,517,84
2011-01-25,35,593,125
2011-01-26,45,528,106
2011-01-27,62,549,97
2011-01-28,43,498,83
2011-01-29,0,12,10
2011-01-30,6,29,26
2011-01-31,43,524,117
2011-02-01,27,467,84
2011-02-02,53,498,79
2011-02-03,50,574,129
2011-02-04,10,254,88
2011-02-05,0,5,0
2011-02-06,2,12,4
2011-02-07,16,317,90
2011-02-08,13,297,76
2011-02-09,17,343,68
2011-02-10,20,308,73
2011-02-11,21,257,53
2011-02-13,3,28,12
2011-02-14,13,302,74
2011-02-15,37,328,95
2011-02-16,17,314,82
2011-02-17,25,290,61
2011-02-18,17,270,64
2011-02-19,0,13,9
2011-02-20,0,16,1
2011-02-21,0,23,6
2011-02-22,23,296,75
2011-02-23,30,302,66
2011-02-24,21,315,94
2011-02-25,18,161,62
2011-02-26,0,4,5
2011-02-27,4,13,1
2011-02-28,14,278,63
2011-03-01,33,236,72
2011-03-02,18,238,67
2011-03-03,40,268,99
2011-03-04,18,205,76
2011-03-05,0,12,0
2011-03-06,8,21,15
2011-03-07,22,263,80
2011-03-08,26,289,87
2011-03-09,27,247,79
2011-03-10,25,277,75
2011-03-11,25,206,47
2011-03-12,0,25,5
2011-03-13,2,23,0
2011-03-14,23,254,78
2011-03-15,17,308,71
2011-03-16,21,275,55
2011-03-17,14,273,87
2011-03-18,29,268,82
2011-03-19,6,3,2
2011-03-20,0,43,5
2011-03-21,19,238,96
2011-03-22,27,323,97
2011-03-23,18,306,86
2011-03-24,27,298,56
2011-03-25,22,279,60
2011-03-26,0,9,3
2011-03-27,5,18,10
2011-03-28,31,312,101
2011-03-29,38,300,91
2011-03-30,36,316,89
2011-03-31,23,318,79
2011-04-01,38,300,87
2011-04-02,0,18,0
2011-04-03,11,23,12
2011-04-04,20,317,147
2011-04-05,32,361,83
2011-04-06,35,365,107
2011-04-07,42,305,123
2011-04-08,17,247,118
2011-04-09,0,3,0
2011-04-10,3,24,11
2011-04-11,33,314,165
2011-04-12,16,313,126
2011-04-13,18,294,105
2011-04-14,9,302,124
2011-04-15,17,237,63
2011-04-16,4,23,2
2011-04-17,2,27,15
2011-04-18,18,323,58
2011-04-19,34,375,98
2011-04-20,28,421,92
2011-04-21,17,405,135
2011-04-22,0,29,2
2011-04-23,0,4,1
2011-04-24,13,19,14
2011-04-25,30,484,150
2011-04-26,22,526,295
2011-04-27,20,487,202
2011-04-28,23,519,212
2011-04-29,15,341,84
2011-04-30,3,15,11
2011-05-01,2,25,0
2011-05-02,30,465,249
2011-05-03,45,452,130
2011-05-04,30,548,200
2011-05-05,44,477,124
2011-05-06,13,319,160
2011-05-07,1,9,5
2011-05-08,7,27,66
2011-05-09,15,475,200
2011-05-10,22,440,133
2011-05-11,35,415,98
2011-05-12,35,309,92
2011-05-13,36,259,205
2011-05-14,1,28,17
2011-05-15,5,23,49
2011-05-16,38,395,138
2011-05-17,23,358,83
2011-05-18,32,402,101
2011-05-19,46,407,95
2011-05-20,16,294,48
2011-05-21,0,3,11
2011-05-22,0,63,97
2011-05-23,62,495,373
2011-05-24,28,395,93
2011-05-25,30,366,93
2011-05-26,31,317,104
2011-05-27,12,273,51
2011-05-28,0,0,6
2011-05-29,0,17,0
2011-05-30,0,37,10
2011-05-31,22,398,92
2011-06-01,73,379,90
2011-06-02,31,398,89
2011-06-03,26,296,60
2011-06-04,0,13,3
2011-06-05,4,35,12
2011-06-06,31,354,86
2011-06-07,25,418,118
2011-06-08,30,319,115
2011-06-09,20,368,136
2011-06-10,23,333,103
2011-06-11,1,7,1
2011-06-12,0,15,1
2011-06-13,36,350,118
2011-06-14,26,371,175
2011-06-15,19,327,102
2011-06-16,39,374,153
2011-06-17,11,293,109
2011-06-18,0,13,3
2011-06-19,1,15,4
2011-06-20,48,413,154
2011-06-21,24,409,153
2011-06-22,46,376,135
2011-06-23,48,407,125
2011-06-24,15,251,140
2011-06-25,0,8,0
2011-06-26,7,29,13
2011-06-27,29,357,90
2011-06-28,45,388,190
2011-06-29,20,412,156
2011-06-30,44,359,120
2011-07-01,22,286,122
2011-07-02,0,10,2
2011-07-03,1,18,1
2011-07-04,0,19,5
2011-07-05,42,356,128
2011-07-06,31,330,160
2011-07-07,38,398,104
2011-07-08,19,340,72
2011-07-09,0,24,5
2011-07-10,2,25,40
2011-07-11,34,359,109
2011-07-12,41,425,117
2011-07-13,51,412,90
2011-07-14,43,369,146
2011-07-15,94,412,82
2011-07-16,0,13,1
2011-07-17,5,54,71
2011-07-18,63,462,113
2011-07-19,48,543,156
2011-07-20,52,551,171
2011-07-21,71,651,179
2011-07-22,62,474,131
2011-07-23,0,9,3
2011-07-24,0,61,16
2011-07-25,113,558,118
2011-07-26,54,592,158
2011-07-27,52,639,151
2011-07-28,66,800,178
2011-07-29,41,469,127
2011-07-30,0,6,0
2011-07-31,1,50,56
2011-08-01,33,596,126
2011-08-02,34,565,135
2011-08-03,32,621,195
2011-08-04,33,586,93
2011-08-05,51,464,77
2011-08-06,0,1,18
2011-08-07,0,33,2
2011-08-08,26,510,108
2011-08-09,25,525,92
2011-08-10,38,455,74
2011-08-11,24,428,86
2011-08-12,8,319,70
2011-08-13,0,2,9
2011-08-14,0,41,0
2011-08-15,19,493,99
2011-08-16,29,357,92
2011-08-17,23,378,96
2011-08-18,24,439,106
2011-08-19,42,297,99
2011-08-20,0,15,3
2011-08-21,0,25,1
2011-08-22,30,371,112
2011-08-23,19,363,129
2011-08-24,20,385,98
2011-08-25,36,327,95
2011-08-26,23,214,66
2011-08-27,0,5,1
2011-08-28,0,15,2
2011-08-29,29,230,91
2011-08-30,19,311,130
2011-08-31,20,296,119
2011-09-01,20,336,91
2011-09-02,19,192,63
2011-09-03,0,1,0
2011-09-04,0,22,0
2011-09-05,0,14,2
2011-09-06,20,327,99
2011-09-07,13,418,98
2011-09-08,22,350,99
2011-09-09,36,202,81
2011-09-10,0,5,2
2011-09-11,1,27,0
2011-09-12,35,255,86
2011-09-13,22,310,88
2011-09-14,13,253,74
2011-09-15,37,269,82
2011-09-16,18,228,59
2011-09-17,0,9,4
2011-09-18,0,25,7
2011-09-19,23,305,71
2011-09-20,28,331,115
2011-09-21,34,320,91
2011-09-22,35,274,61
2011-09-23,21,230,49
2011-09-24,0,1,0
2011-09-25,0,26,2
2011-09-26,24,310,123
2011-09-27,15,331,79
2011-09-28,22,297,74
2011-09-29,25,239,58
2011-09-30,13,199,53
2011-10-01,0,9,0
2011-10-02,0,34,0
2011-10-03,21,299,98
2011-10-04,20,299,26
2011-10-05,26,316,80
2011-10-06,30,318,76
2011-10-07,22,255,53
2011-10-08,0,10,0
2011-10-09,0,24,0
2011-10-10,26,265,60
2011-10-11,21,356,76
2011-10-12,42,346,89
2011-10-13,41,329,92
2011-10-14,20,336,80
2011-10-15,0,1,0
2011-10-16,0,39,3
2011-10-17,34,438,96
2011-10-18,30,403,113
2011-10-19,24,378,117
2011-10-20,17,366,108
2011-10-21,16,388,96
2011-10-23,0,49,0
2011-10-24,25,433,124
2011-10-25,19,482,142
2011-10-26,20,491,103
2011-10-27,24,632,129
2011-10-28,19,409,83
2011-10-30,0,51,1
2011-10-31,20,479,117
2011-11-01,22,541,80
2011-11-02,14,470,89
2011-11-03,28,533,118
2011-11-04,22,367,79
2011-11-05,0,32,5
2011-11-06,0,10,7
2011-11-07,28,448,101
2011-11-08,21,418,100
2011-11-09,47,438,69
2011-11-10,36,355,99
2011-11-11,28,296,83
2011-11-12,0,7,3
2011-11-13,0,52,1
2011-11-14,37,452,104
2011-11-15,34,425,106
2011-11-16,25,394,82
2011-11-17,23,432,105
2011-11-18,42,268,66
2011-11-19,2,10,0
2011-11-20,1,25,4
2011-11-21,45,397,96
2011-11-22,30,371,101
2011-11-23,43,351,86
2011-11-24,0,17,3
2011-11-25,17,137,40
2011-11-27,0,29,0
2011-11-28,55,317,86
2011-11-29,29,372,59
2011-11-30,26,347,110
2011-12-01,44,391,131
2011-12-02,18,298,90
2011-12-03,0,12,4
2011-12-04,0,22,7
2011-12-05,35,294,92
2011-12-06,30,334,115
2011-12-07,20,341,96
2011-12-08,26,291,80
2011-12-09,19,278,62
2011-12-10,0,12,4
2011-12-11,0,28,21
2011-12-12,44,373,134
2011-12-13,32,370,129
2011-12-14,22,378,125
2011-12-15,35,435,112
2011-12-16,35,322,79
2011-12-17,0,2,0
2011-12-18,1,22,24
2011-12-19,27,371,130
2011-12-20,32,407,109
2011-12-21,19,300,99
2011-12-22,28,274,132
2011-12-23,13,157,61
2011-12-24,0,4,0
2011-12-26,1,7,1
2011-12-27,24,232,128
2011-12-28,30,177,147
2011-12-29,20,142,115
2011-12-30,3,114,77
2011-12-31,0,0,17
2012-01-01,0,2,3
2012-01-02,0,35,37
2012-01-03,34,364,130
2012-01-04,25,356,102
2012-01-05,32,392,91
2012-01-06,9,244,105
2012-01-07,2,9,0
2012-01-08,0,27,0
2012-01-09,30,374,141
2012-01-10,33,375,110
2012-01-11,19,352,84
2012-01-12,36,372,105
2012-01-13,18,254,99
2012-01-15,0,34,0
2012-01-16,0,21,31
2012-01-17,34,428,158
2012-01-18,37,376,130
2012-01-19,26,376,121
2012-01-20,31,305,75
2012-01-22,0,67,0
2012-01-23,29,388,123
2012-01-24,33,432,109
2012-01-25,24,460,142
2012-01-26,32,447,108
2012-01-27,17,283,62
2012-01-28,0,16,0
2012-01-29,15,46,0
2012-01-30,27,343,166
2012-01-31,30,443,103
2012-02-01,37,412,133
2012-02-02,28,472,126
2012-02-03,24,282,141
2012-02-04,0,5,1
2012-02-05,0,77,3
2012-02-06,29,456,122
2012-02-07,45,503,115
2012-02-08,27,468,154
2012-02-09,42,485,122
2012-02-10,19,362,83
2012-02-11,5,9,4
2012-02-12,0,44,44
2012-02-13,27,406,138
2012-02-14,28,386,152
2012-02-15,22,472,112
2012-02-16,33,443,118
2012-02-17,28,332,65
2012-02-18,0,9,0
2012-02-19,0,18,33
2012-02-20,10,55,38
2012-02-21,40,399,101
2012-02-22,34,487,113
2012-02-23,22,458,103
2012-02-24,21,277,72
2012-02-26,6,31,27
2012-02-27,44,494,107
2012-02-28,29,471,133
2012-02-29,31,328,76
2012-03-01,36,358,133
2012-03-02,18,228,49
2012-03-03,0,12,0
2012-03-04,1,53,23
2012-03-05,21,377,94
2012-03-06,21,377,102
2012-03-07,25,400,108
2012-03-08,43,377,65
2012-03-09,23,276,76
2012-03-11,1,57,20
2012-03-12,27,381,106
2012-03-13,30,357,126
2012-03-14,16,293,79
2012-03-15,31,351,88
2012-03-16,34,244,73
2012-03-17,0,6,0
2012-03-18,0,26,0
2012-03-19,47,321,101
2012-03-20,43,403,124
2012-03-21,20,395,99
2012-03-22,39,386,106
2012-03-23,24,255,85
2012-03-24,0,1,1
2012-03-25,1,27,6
2012-03-26,27,407,94
2012-03-27,32,353,110
2012-03-28,16,318,75
2012-03-29,18,398,93
2012-03-30,26,265,81
2012-03-31,0,2,0
2012-04-01,4,30,0
2012-04-02,37,481,114
2012-04-03,48,407,82
2012-04-04,23,349,72
2012-04-05,26,315,79
2012-04-06,19,23,8
2012-04-08,0,17,7
2012-04-09,18,336,67
2012-04-10,37,354,79
2012-04-11,30,338,56
2012-04-12,30,337,82
2012-04-13,17,209,56
2012-04-14,0,5,1
2012-04-15,0,53,1
2012-04-16,32,368,74
2012-04-17,27,494,100
2012-04-18,27,344,85
2012-04-19,26,518,95
2012-04-20,14,326,58
2012-04-21,0,3,2
2012-04-22,0,30,0
2012-04-23,13,487,90
2012-04-24,48,529,72
2012-04-25,16,575,100
2012-04-26,24,650,65
2012-04-27,16,360,63
2012-04-28,0,7,0
2012-04-29,0,61,6
2012-04-30,34,486,102
2012-05-01,21,518,96
2012-05-02,66,617,96
2012-05-03,43,562,82
2012-05-04,31,378,62
2012-05-05,0,7,0
2012-05-06,1,45,1
2012-05-07,31,488,103
2012-05-08,39,494,70
2012-05-09,28,440,70
2012-05-10,45,400,95
2012-05-11,48,287,50
2012-05-13,0,49,0
2012-05-14,29,379,86
2012-05-15,19,452,142
2012-05-16,32,355,81
2012-05-17,20,378,91
2012-05-18,14,233,77
2012-05-19,0,4,0
2012-05-20,1,45,0
2012-05-21,36,305,85
2012-05-22,24,351,80
2012-05-23,34,291,65
2012-05-24,15,335,79
2012-05-25,14,210,55
2012-05-26,0,2,0
2012-05-27,0,0,17
2012-05-28,0,32,0
2012-05-29,17,331,70
2012-05-30,22,344,104
2012-05-31,21,311,111
2012-06-01,38,263,65
2012-06-02,0,9,7
2012-06-03,0,47,0
2012-06-04,23,346,99
2012-06-05,37,337,76
2012-06-06,32,299,115
2012-06-07,21,377,63
2012-06-08,20,312,86
2012-06-09,0,22,1
2012-06-10,0,28,0
2012-06-11,46,349,119
2012-06-12,27,314,74
2012-06-13,16,322,60
2012-06-14,19,315,83
2012-06-15,10,216,38
2012-06-16,0,11,0
2012-06-17,4,15,5
2012-06-18,20,335,109
2012-06-19,21,313,79
2012-06-20,21,356,80
2012-06-21,50,304,65
2012-06-22,27,235,54
2012-06-23,0,3,2
2012-06-24,0,6,1
2012-06-25,15,442,84
2012-06-26,36,380,106
2012-06-27,25,373,74
2012-06-28,28,396,86
2012-06-29,22,247,81
2012-06-30,0,6,1
2012-07-01,0,8,0
2012-07-02,23,383,74
2012-07-03,8,261,54
2012-07-04,0,16,0
2012-07-05,25,248,57
2012-07-06,16,215,50
2012-07-07,0,6,0
2012-07-08,0,1,0
2012-07-09,43,375,61
2012-07-10,33,349,68
2012-07-11,25,357,71
2012-07-12,31,412,99
2012-07-13,16,310,69
2012-07-14,0,9,0
2012-07-15,0,5,0
2012-07-16,24,435,78
2012-07-17,46,392,69
2012-07-18,35,500,117
2012-07-19,16,460,71
2012-07-20,26,332,47
2012-07-21,0,6,0
2012-07-22,0,3,1
2012-07-23,18,521,66
2012-07-24,17,538,61
2012-07-25,25,583,71
2012-07-26,38,553,80
2012-07-27,27,465,58
2012-07-28,0,10,0
2012-07-29,0,6,9
2012-07-30,34,453,78
2012-07-31,11,544,61
2012-08-01,33,616,77
2012-08-02,23,674,65
2012-08-03,13,371,34
2012-08-04,0,6,0
2012-08-05,0,9,0
2012-08-06,24,604,62
2012-08-07,20,494,94
2012-08-08,27,652,80
2012-08-09,15,418,59
2012-08-10,13,241,37
2012-08-11,0,1,0
2012-08-12,0,25,14
2012-08-13,37,342,65
2012-08-14,17,440,113
2012-08-15,8,362,49
2012-08-16,14,298,52
2012-08-17,12,212,41
2012-08-18,0,5,0
2012-08-19,0,1,2
2012-08-20,25,337,88
2012-08-21,17,252,49
2012-08-22,25,328,42
2012-08-23,14,284,94
2012-08-24,9,261,50
2012-08-25,0,3,0
2012-08-26,0,17,2
2012-08-27,8,289,81
2012-08-28,16,249,57
2012-08-29,13,246,55
2012-08-30,14,231,69
2012-08-31,8,171,41
2012-09-01,0,2,0
2012-09-02,0,5,2
2012-09-03,1,10,1
2012-09-04,23,350,82
2012-09-05,30,390,82
2012-09-06,33,339,61
2012-09-07,15,275,57
2012-09-08,0,4,1
2012-09-09,1,4,0
2012-09-10,23,425,75
2012-09-11,27,335,66
2012-09-12,19,317,61
2012-09-13,27,329,92
2012-09-14,7,243,76
2012-09-15,0,8,0
2012-09-17,21,309,69
2012-09-18,28,313,73
2012-09-19,24,295,76
2012-09-20,23,360,71
2012-09-21,14,311,49
2012-09-22,0,3,0
2012-09-23,0,8,0
2012-09-24,22,408,103
2012-09-25,28,311,73
2012-09-26,17,284,64
2012-09-27,26,350,75
2012-09-28,19,317,38
2012-09-29,0,2,0
2012-09-30,0,11,1
2012-10-01,39,499,78
2012-10-02,29,366,62
2012-10-03,10,353,65
2012-10-04,16,370,51
2012-10-05,9,300,66
2012-10-06,0,7,0
2012-10-07,0,2,0
2012-10-08,24,383,77
2012-10-09,46,399,75
2012-10-10,25,320,79
2012-10-11,16,292,70
2012-10-12,16,266,66
2012-10-13,0,1,1
2012-10-14,0,3,1
2012-10-15,16,477,61
2012-10-16,31,340,85
2012-10-17,15,467,59
2012-10-18,23,485,67
2012-10-19,21,302,39
2012-10-20,1,7,0
2012-10-21,0,14,2
2012-10-22,11,502,92
2012-10-23,42,520,71
2012-10-24,27,671,86
2012-10-25,13,548,72
2012-10-26,21,427,61
2012-10-27,0,5,0
2012-10-28,0,4,0
2012-10-29,20,453,43
2012-10-30,9,201,20
2012-10-31,18,472,83
2012-11-01,15,636,76
2012-11-02,26,363,67
2012-11-03,0,37,1
2012-11-04,0,15,10
2012-11-05,29,500,86
2012-11-06,35,554,70
2012-11-07,38,579,78
2012-11-08,21,553,70
2012-11-09,28,362,44
2012-11-10,0,3,0
2012-11-11,0,15,0
2012-11-12,14,409,68
2012-11-13,33,389,63
2012-11-14,19,402,75
2012-11-15,27,333,85
2012-11-16,38,286,47
2012-11-17,0,10,5
2012-11-18,6,34,5
2012-11-19,25,381,116
2012-11-20,28,343,67
2012-11-21,23,212,53
2012-11-22,1,16,5
2012-11-23,23,137,29
2012-11-24,4,9,11
2012-11-25,1,20,5
2012-11-26,34,275,65
2012-11-27,28,304,93
2012-11-28,41,267,89
2012-11-29,30,333,74
2012-11-30,21,228,66
2012-12-01,0,15,12
2012-12-02,7,30,32
2012-12-03,25,313,109
2012-12-04,33,393,73
2012-12-05,45,397,92
2012-12-06,31,304,87
2012-12-07,16,304,70
2012-12-08,0,30,6
2012-12-09,5,27,5
2012-12-10,27,358,114
2012-12-11,27,343,82
2012-12-12,20,443,69
2012-12-13,24,358,91
2012-12-14,25,325,52
2012-12-15,0,12,7
2012-12-16,5,27,14
2012-12-17,25,291,82
2012-12-18,18,332,61
2012-12-19,27,399,67
2012-12-20,14,352,68
2012-12-21,17,268,73
2012-12-22,2,15,0
2012-12-23,0,1,3
2012-12-24,5,135,44
2012-12-26,31,139,53
2012-12-27,15,184,45
2012-12-28,11,147,49
2012-12-29,0,31,2
2012-12-30,1,16,6
2012-12-31,1,146,51
2013-01-01,0,7,0
2013-01-02,12,329,67
2013-01-03,23,375,79
2013-01-04,12,299,53
2013-01-05,0,14,0
2013-01-06,0,29,2
2013-01-07,35,467,95
2013-01-08,34,420,81
2013-01-09,18,455,82
2013-01-10,21,413,91
2013-01-11,15,331,60
2013-01-12,7,12,0
2013-01-13,3,25,1
2013-01-14,19,400,87
2013-01-15,19,405,70
2013-01-16,45,376,55
2013-01-17,6,371,65
2013-01-18,19,323,58
2013-01-19,0,4,0
2013-01-20,19,38,0
2013-01-21,2,33,4
2013-01-22,13,415,67
2013-01-23,14,460,68
2013-01-24,34,458,56
2013-01-25,18,382,87
2013-01-26,0,20,0
2013-01-27,0,38,9
2013-01-28,33,416,77
2013-01-29,33,417,56
2013-01-30,23,631,68
2013-01-31,29,478,53
2013-02-01,9,386,65
2013-02-02,0,10,3
2013-02-03,5,35,7
2013-02-04,30,499,83
2013-02-05,35,459,61
2013-02-06,36,515,90
2013-02-07,21,423,77
2013-02-08,23,356,62
2013-02-09,1,6,12
2013-02-10,3,18,0
2013-02-11,24,425,93
2013-02-12,39,483,60
2013-02-13,26,519,84
2013-02-14,42,438,69
2013-02-15,35,392,58
2013-02-16,12,1,7
2013-02-17,0,7,1
2013-02-18,0,62,26
2013-02-19,32,464,112
2013-02-20,36,524,94
2013-02-21,21,470,53
2013-02-22,11,361,72
2013-02-23,0,4,7
2013-02-24,3,28,1
2013-02-25,20,489,117
2013-02-26,20,463,66
2013-02-27,60,522,75
2013-02-28,27,479,81
2013-03-01,25,404,74
2013-03-02,3,32,3
2013-03-03,2,29,4
2013-03-04,58,425,79
2013-03-05,39,465,121
2013-03-06,34,503,140
2013-03-07,22,447,80
2013-03-08,16,335,105
2013-03-09,12,4,12
2013-03-10,2,14,5
2013-03-11,56,437,83
2013-03-12,44,433,88
2013-03-13,40,407,96
2013-03-14,39,396,92
2013-03-15,31,283,73
2013-03-16,0,6,14
2013-03-17,3,12,9
2013-03-18,29,449,76
2013-03-19,53,346,98
2013-03-20,39,386,87
2013-03-21,12,328,61
2013-03-22,21,278,55
2013-03-23,2,13,8
2013-03-24,0,17,10
2013-03-25,32,357,94
2013-03-26,48,285,58
2013-03-27,29,349,83
2013-03-28,21,313,88
2013-03-29,0,33,2
2013-03-30,0,1,15
2013-03-31,0,31,0
2013-04-01,37,260,63
2013-04-02,14,347,68
2013-04-03,20,406,92
2013-04-04,16,251,71
2013-04-05,40,218,49
2013-04-06,11,5,1
2013-04-07,0,23,3
2013-04-08,19,430,88
2013-04-09,19,308,103
2013-04-10,23,392,112
2013-04-11,42,411,92
2013-04-12,31,276,114
2013-04-13,0,4,5
2013-04-14,0,47,1
2013-04-15,36,428,70
2013-04-16,19,330,97
2013-04-17,59,424,72
2013-04-18,28,402,82
2013-04-19,9,355,49
2013-04-20,0,15,0
2013-04-21,0,32,1
2013-04-22,12,419,88
2013-04-23,12,504,73
2013-04-24,50,571,56
2013-04-25,28,638,76
2013-04-26,15,379,64
2013-04-27,0,21,1
2013-04-28,2,57,0
2013-04-29,14,450,111
2013-04-30,36,548,49
2013-05-01,19,558,103
2013-05-02,33,529,73
2013-05-03,8,358,96
2013-05-04,13,1,0
2013-05-05,0,39,2
2013-05-06,26,392,88
2013-05-07,28,538,93
2013-05-08,26,530,81
2013-05-09,35,446,71
2013-05-10,25,311,78
2013-05-11,4,13,0
2013-05-12,0,44,0
2013-05-13,19,303,77
2013-05-14,31,290,101
2013-05-15,29,495,99
2013-05-16,21,388,66
2013-05-17,12,253,71
2013-05-18,10,9,1
2013-05-19,0,49,0
2013-05-20,24,363,96
2013-05-21,22,323,113
2013-05-22,34,333,76
2013-05-23,11,332,54
2013-05-24,16,179,48
2013-05-25,0,5,0
2013-05-26,1,31,1
2013-05-27,0,19,0
2013-05-28,19,300,65
2013-05-29,32,312,90
2013-05-30,20,306,86
2013-05-31,14,274,73
2013-06-01,0,9,3
2013-06-02,0,20,15
2013-06-03,29,339,108
2013-06-04,60,341,90
2013-06-05,45,344,100
2013-06-06,33,350,83
2013-06-07,34,254,61
2013-06-08,0,4,18
2013-06-09,0,7,9
2013-06-10,36,340,84
2013-06-11,30,335,79
2013-06-12,31,325,88
2013-06-13,30,313,90
2013-06-14,24,273,79
2013-06-15,0,15,13
2013-06-16,2,27,0
2013-06-17,33,331,80
2013-06-18,28,343,80
2013-06-19,35,400,78
2013-06-20,23,337,94
2013-06-21,27,259,50
2013-06-22,0,4,6
2013-06-23,0,20,0
2013-06-24,26,383,74
2013-06-25,18,339,114
2013-06-26,29,419,143
2013-06-27,27,368,112
2013-06-28,15,275,76
2013-06-29,0,16,0
2013-06-30,10,14,14
2013-07-01,44,348,85
2013-07-02,28,323,87
2013-07-03,17,201,72
2013-07-04,4,8,6
2013-07-05,18,134,53
2013-07-06,10,2,9
2013-07-07,0,19,6
2013-07-08,13,292,92
2013-07-09,18,337,81
2013-07-10,10,356,94
2013-07-11,23,350,73
2013-07-12,9,267,82
2013-07-13,1,19,0
2013-07-14,6,71,3
2013-07-15,22,297,75
2013-07-16,34,388,62
2013-07-17,37,358,70
2013-07-18,21,391,116
2013-07-19,19,254,46
2013-07-20,0,9,2
2013-07-21,1,20,3
2013-07-22,17,446,101
2013-07-23,25,463,94
2013-07-24,24,562,108
2013-07-25,19,706,115
2013-07-26,40,417,75
2013-07-27,0,40,0
2013-07-28,1,61,3
2013-07-29,27,442,67
2013-07-30,44,458,102
2013-07-31,27,586,110
2013-08-01,15,531,83
2013-08-02,20,350,77
2013-08-03,0,17,0
2013-08-04,0,44,0
2013-08-05,28,431,93
2013-08-06,28,498,96
2013-08-07,41,519,84
2013-08-08,34,587,88
2013-08-09,31,359,88
2013-08-10,2,20,2
2013-08-11,0,51,3
2013-08-12,29,407,82
2013-08-13,47,410,102
2013-08-14,30,439,148
2013-08-15,44,357,101
2013-08-16,9,199,59
2013-08-17,0,9,9
2013-08-18,3,45,1
2013-08-19,10,293,64
2013-08-20,8,250,87
2013-08-21,14,259,62
2013-08-22,28,310,70
2013-08-23,22,188,85
2013-08-24,0,0,16
2013-08-25,3,20,0
2013-08-26,19,239,53
2013-08-27,23,298,79
2013-08-28,20,257,77
2013-08-29,17,230,62
2013-08-30,13,156,48
2013-08-31,0,18,4
2013-09-01,0,23,0
2013-09-02,0,20,1
2013-09-03,22,311,100
2013-09-04,42,376,103
2013-09-05,27,255,73
2013-09-06,16,255,69
2013-09-07,0,17,3
2013-09-08,1,33,3
2013-09-09,29,353,90
2013-09-10,45,384,106
2013-09-11,20,294,77
2013-09-12,30,353,110
2013-09-13,16,245,66
2013-09-14,0,12,17
2013-09-15,0,15,20
2013-09-16,18,292,72
2013-09-17,31,288,89
2013-09-18,18,299,79
2013-09-19,28,284,67
2013-09-20,21,280,61
2013-09-21,8,5,1
2013-09-22,1,11,18
2013-09-23,34,301,92
2013-09-24,31,298,77
2013-09-25,30,345,91
2013-09-26,30,334,97
2013-09-27,25,234,69
2013-09-28,1,16,1
2013-09-29,0,21,15
2013-09-30,30,292,81
2013-10-01,54,316,73
2013-10-02,25,315,87
2013-10-03,13,271,70
2013-10-04,7,211,58
2013-10-05,0,17,2
2013-10-06,0,9,15
2013-10-07,14,260,73
2013-10-08,28,304,93
2013-10-09,35,335,61
2013-10-10,28,321,91
2013-10-11,28,235,80
2013-10-12,0,22,0
2013-10-13,0,28,16
2013-10-14,8,298,77
2013-10-15,24,298,70
2013-10-16,27,320,76
2013-10-17,19,363,82
2013-10-18,13,204,76
2013-10-19,0,0,5
2013-10-20,0,46,1
2013-10-21,28,344,81
2013-10-22,30,391,88
2013-10-23,23,521,84
2013-10-24,26,567,85
2013-10-25,16,370,71
2013-10-26,0,32,6
2013-10-27,0,20,33
2013-10-28,26,432,93
2013-10-29,28,454,72
2013-10-30,12,509,82
2013-10-31,17,468,75
2013-11-01,17,329,65
2013-11-02,1,8,4
2013-11-03,0,10,43
2013-11-04,36,452,96
2013-11-05,17,485,94
2013-11-06,22,499,71
2013-11-07,29,570,82
2013-11-08,10,263,81
2013-11-09,0,4,2
2013-11-10,19,2,3
2013-11-11,15,362,91
2013-11-12,19,402,58
2013-11-13,11,387,83
2013-11-14,33,412,121
2013-11-15,27,249,89
2013-11-16,0,4,3
2013-11-17,0,10,32
2013-11-18,19,381,91
2013-11-19,18,368,83
2013-11-20,39,372,68
2013-11-21,36,362,105
2013-11-22,11,233,84
2013-11-23,0,10,2
2013-11-24,0,10,20
2013-11-25,25,336,115
2013-11-26,25,343,92
2013-11-27,20,167,87
2013-11-28,0,30,6
2013-11-29,16,125,45
2013-11-30,0,23,1
2013-12-01,2,23,5
2013-12-02,23,317,92
2013-12-03,43,338,88
2013-12-04,36,315,99
2013-12-05,37,384,74
2013-12-06,22,265,85
2013-12-07,0,3,8
2013-12-08,0,21,5
2013-12-09,24,446,105
2013-12-10,20,370,78
2013-12-11,20,389,97
2013-12-12,50,326,88
2013-12-13,32,253,61
2013-12-14,0,1,1
2013-12-15,4,12,17
2013-12-16,17,335,102
2013-12-17,31,377,113
2013-12-18,12,377,96
2013-12-19,25,356,62
2013-12-20,25,271,68
2013-12-21,0,9,2
2013-12-22,0,13,4
2013-12-23,19,211,66
2013-12-24,11,79,49
2013-12-25,0,5,0
2013-12-26,10,112,59
2013-12-27,11,127,57
2013-12-28,0,3,1
2013-12-29,0,7,0
2013-12-30,18,161,59
2013-12-31,7,130,54
2014-01-01,0,3,4
2014-01-02,24,175,70
2014-01-03,16,207,62
2014-01-04,0,2,0
2014-01-05,0,15,9
2014-01-06,21,357,115
2014-01-07,24,336,96
2014-01-08,25,375,74
2014-01-09,25,398,59
2014-01-10,30,197,60
2014-01-11,0,15,2
2014-01-12,0,20,3
2014-01-13,26,369,92
2014-01-14,21,373,91
2014-01-15,26,350,94
2014-01-16,13,307,95
2014-01-17,11,243,92
2014-01-18,0,16,1
2014-01-19,3,14,9
2014-01-20,5,45,8
2014-01-21,26,368,105
2014-01-22,37,454,96
2014-01-23,28,412,77
2014-01-24,33,315,83
2014-01-25,0,4,0
2014-01-26,0,12,6
2014-01-27,20,340,95
2014-01-28,26,335,65
2014-01-29,27,352,69
2014-01-30,26,430,89
2014-01-31,25,240,76
2014-02-01,1,9,1
2014-02-02,0,9,4
2014-02-03,42,363,101
2014-02-04,14,445,64
2014-02-05,48,447,71
2014-02-06,44,495,99
2014-02-07,43,256,76
2014-02-08,0,16,4
2014-02-09,2,13,12
2014-02-10,31,382,108
2014-02-11,28,442,94
2014-02-12,38,448,112
2014-02-13,25,518,94
2014-02-14,26,302,108
2014-02-15,0,3,0
2014-02-16,0,18,10
2014-02-17,5,28,11
2014-02-18,35,406,112
2014-02-19,33,437,95
2014-02-20,17,503,104
2014-02-21,25,270,88
2014-02-22,0,2,1
2014-02-23,4,15,8
2014-02-24,29,402,102
2014-02-25,25,443,130
2014-02-26,19,435,150
2014-02-27,31,448,137
2014-02-28,64,263,85
2014-03-01,0,5,3
2014-03-02,0,13,7
2014-03-03,23,408,86
2014-03-04,21,371,83
2014-03-05,22,328,153
2014-03-06,37,403,111
2014-03-07,31,251,91
2014-03-08,0,3,0
2014-03-09,5,8,12
2014-03-10,35,363,87
2014-03-11,57,386,77
2014-03-12,26,322,96
2014-03-13,49,368,99
2014-03-14,39,239,80
2014-03-15,0,1,1
2014-03-16,0,18,10
2014-03-17,21,323,125
2014-03-18,37,301,86
2014-03-19,38,334,116
2014-03-20,50,350,85
2014-03-21,11,224,95
2014-03-22,0,6,1
2014-03-23,0,14,11
2014-03-24,39,303,102
2014-03-25,30,336,80
2014-03-26,30,358,80
2014-03-27,45,315,81
2014-03-28,23,192,95
2014-03-29,0,1,1
2014-03-30,0,9,7
2014-03-31,24,379,88
2014-04-01,26,366,103
2014-04-02,19,281,111
2014-04-03,24,339,71
2014-04-04,39,270,90
2014-04-05,0,3,0
2014-04-06,1,17,10
2014-04-07,18,354,77
2014-04-08,30,334,98
2014-04-09,26,294,96
2014-04-10,21,379,83
2014-04-11,15,223,125
2014-04-12,0,14,1
2014-04-13,1,8,4
2014-04-14,21,333,133
2014-04-15,11,353,109
2014-04-16,22,360,107
2014-04-17,10,335,63
2014-04-18,0,28,24
2014-04-19,0,1,0
2014-04-20,2,13,2
2014-04-21,9,359,118
2014-04-22,31,479,126
2014-04-23,32,513,123
2014-04-24,29,560,99
2014-04-25,22,330,83
2014-04-26,1,4,0
2014-04-27,3,13,9
2014-04-28,28,451,100
2014-04-29,38,630,90
2014-04-30,19,482,73
2014-05-01,35,678,82
2014-05-02,8,299,88
2014-05-03,0,14,4
2014-05-04,2,13,11
2014-05-05,26,431,116
2014-05-06,58,508,126
2014-05-07,44,618,84
2014-05-08,39,623,112
2014-05-09,24,309,79
2014-05-10,0,4,5
2014-05-11,2,33,6
2014-05-12,28,535,94
2014-05-13,50,463,88
2014-05-14,27,509,116
2014-05-15,56,522,120
2014-05-16,26,270,80
2014-05-17,0,12,6
2014-05-18,0,41,12
2014-05-19,24,348,115
2014-05-20,71,406,82
2014-05-21,43,392,100
2014-05-22,24,350,127
2014-05-23,3,215,98
2014-05-24,0,7,0
2014-05-25,3,16,0
2014-05-26,1,30,13
2014-05-27,30,336,107
2014-05-28,18,354,99
2014-05-29,33,371,106
2014-05-30,31,246,89
2014-05-31,0,9,10
2014-06-01,0,17,13
2014-06-02,46,445,88
2014-06-03,29,364,103
2014-06-04,23,335,109
2014-06-05,26,281,110
2014-06-06,29,221,89
2014-06-07,0,4,0
2014-06-08,2,13,13
2014-06-09,48,342,117
2014-06-10,27,413,113
2014-06-11,40,300,116
2014-06-12,19,305,89
2014-06-13,18,258,83
2014-06-14,0,23,14
2014-06-15,0,25,3
2014-06-16,35,376,128
2014-06-17,27,383,108
2014-06-18,21,406,92
2014-06-19,37,429,105
2014-06-20,16,284,117
2014-06-22,0,10,11
2014-06-23,47,389,129
2014-06-24,28,363,101
2014-06-25,27,358,126
2014-06-26,26,399,83
2014-06-27,17,281,85
2014-06-28,0,9,0
2014-06-29,0,9,4
2014-06-30,57,337,113
2014-07-01,24,375,100
2014-07-02,46,302,85
2014-07-03,7,194,59
2014-07-04,0,2,1
2014-07-05,0,14,1
2014-07-06,1,15,10
2014-07-07,19,319,82
2014-07-08,48,350,94
2014-07-09,36,370,109
2014-07-10,39,341,115
2014-07-11,26,247,114
2014-07-12,0,4,2
2014-07-13,0,16,2
2014-07-14,60,348,144
2014-07-15,22,326,104
2014-07-16,35,431,134
2014-07-17,25,446,118
2014-07-18,17,221,83
2014-07-19,0,7,0
2014-07-20,3,9,9
2014-07-21,25,460,99
2014-07-22,31,472,95
2014-07-23,26,546,104
2014-07-24,27,522,115
2014-07-25,36,299,77
2014-07-26,0,42,0
2014-07-27,0,10,12
2014-07-28,57,528,90
2014-07-29,48,557,123
2014-07-30,38,622,116
2014-07-31,78,678,115
2014-08-01,29,373,74
2014-08-02,0,2,3
2014-08-03,0,32,18
2014-08-04,36,538,131
2014-08-05,20,610,109
2014-08-06,50,540,78
2014-08-07,42,684,101
2014-08-08,18,317,72
2014-08-09,0,11,6
2014-08-10,1,34,17
2014-08-11,37,525,115
2014-08-12,29,484,85
2014-08-13,40,419,105
2014-08-14,44,480,137
2014-08-15,50,251,94
2014-08-16,0,12,6
2014-08-17,0,16,9
2014-08-18,25,360,116
2014-08-19,22,399,111
2014-08-20,39,355,79
2014-08-21,20,417,87
2014-08-22,22,228,87
2014-08-23,0,6,2
2014-08-24,2,25,7
2014-08-25,23,350,111
2014-08-26,38,330,92
2014-08-27,45,354,96
2014-08-28,27,332,91
2014-08-29,25,183,80
2014-08-30,0,16,7
2014-08-31,0,16,16
2014-09-01,4,24,4
2014-09-02,41,397,96
2014-09-03,39,366,97
2014-09-04,46,361,114
2014-09-05,31,237,81
2014-09-06,3,13,25
2014-09-07,0,13,12
2014-09-08,34,372,124
2014-09-09,32,373,126
2014-09-10,42,449,107
2014-09-11,23,358,94
2014-09-12,26,235,78
2014-09-13,1,15,5
2014-09-14,0,26,4
2014-09-15,41,392,97
2014-09-16,24,415,124
2014-09-17,25,409,127
2014-09-18,35,363,126
2014-09-19,21,230,76
2014-09-20,0,4,6
2014-09-21,2,44,1
2014-09-22,25,324,81
2014-09-23,41,424,139
2014-09-24,36,348,96
2014-09-25,40,272,73
2014-09-26,14,299,100
2014-09-27,0,12,4
2014-09-28,0,38,13
2014-09-29,28,412,119
2014-09-30,29,334,138
2014-10-01,56,407,110
2014-10-02,36,400,100
2014-10-03,23,251,105
2014-10-04,2,11,0
2014-10-05,2,46,16
2014-10-06,26,394,125
2014-10-07,55,316,99
2014-10-08,31,405,112
2014-10-09,66,495,128
2014-10-10,45,353,97
2014-10-11,0,2,0
2014-10-12,2,49,7
2014-10-13,62,428,125
2014-10-14,39,411,141
2014-10-15,52,499,124
2014-10-16,26,461,135
2014-10-17,17,384,95
2014-10-18,3,1,1
2014-10-19,0,25,34
2014-10-20,42,588,125
2014-10-21,30,497,129
2014-10-22,40,540,101
2014-10-23,39,571,134
2014-10-24,18,317,124
2014-10-25,0,5,4
2014-10-26,1,28,11
2014-10-27,43,591,99
2014-10-28,42,571,133
2014-10-29,37,675,112
2014-10-30,47,723,131
2014-10-31,17,428,111
2014-11-01,0,7,3
2014-11-02,0,16,22
2014-11-03,40,612,118
2014-11-04,41,626,124
2014-11-05,42,699,124
2014-11-06,27,687,141
2014-11-07,36,439,92
2014-11-08,0,28,6
2014-11-09,0,38,1
2014-11-10,43,538,111
2014-11-11,27,402,101
2014-11-12,40,656,142
2014-11-13,49,486,163
2014-11-14,32,389,136
2014-11-15,2,24,9
2014-11-16,0,35,17
2014-11-17,46,551,138
2014-11-18,33,508,125
2014-11-19,56,450,112
2014-11-20,34,452,132
2014-11-21,24,266,86
2014-11-22,0,21,0
2014-11-23,0,22,8
2014-11-24,38,468,127
2014-11-25,46,400,90
2014-11-26,16,252,86
2014-11-27,0,28,5
2014-11-28,15,130,46
2014-11-29,1,0,1
2014-11-30,2,35,5
2014-12-01,52,488,116
2014-12-02,50,474,126
2014-12-03,20,464,174
2014-12-04,37,494,168
2014-12-05,20,303,85
2014-12-06,1,22,3
2014-12-07,0,32,10
2014-12-08,51,450,149
2014-12-09,41,390,119
2014-12-10,44,463,126
2014-12-11,40,425,103
2014-12-12,32,289,94
2014-12-13,3,14,0
2014-12-14,6,35,7
2014-12-15,36,486,118
2014-12-16,50,549,117
2014-12-17,49,467,165
2014-12-18,35,445,157
2014-12-19,25,281,81
2014-12-20,3,12,3
2014-12-21,2,24,1
2014-12-22,22,387,138
2014-12-23,36,316,104
2014-12-24,14,119,78
2014-12-25,0,1,2
2014-12-26,19,95,50
2014-12-27,0,6,1
2014-12-28,0,13,3
2014-12-29,34,243,104
2014-12-30,27,221,83
2014-12-31,22,173,67
2015-01-01,0,10,6
2015-01-02,22,182,81
2015-01-03,0,4,10
2015-01-04,1,23,4
2015-01-05,39,457,115
2015-01-06,54,548,117
2015-01-07,40,504,164
2015-01-08,34,451,146
2015-01-09,43,413,98
2015-01-10,2,12,3
2015-01-11,5,64,18
2015-01-12,35,617,142
2015-01-13,41,513,123
2015-01-14,27,469,129
2015-01-15,40,499,121
2015-01-16,25,354,92
2015-01-17,2,11,2
2015-01-18,2,19,1
2015-01-19,4,63,11
2015-01-20,48,546,136
2015-01-21,36,435,123
2015-01-22,55,465,102
2015-01-23,28,331,91
2015-01-24,1,15,8
2015-01-25,1,36,11
2015-01-26,40,486,98
2015-01-27,49,496,117
2015-01-28,34,522,118
2015-01-29,30,424,119
2015-01-30,38,352,88
2015-01-31,2,30,7
2015-02-01,1,51,19
2015-02-02,32,469,138
2015-02-03,64,524,187
2015-02-04,49,591,163
2015-02-05,41,551,140
2015-02-06,31,326,101
2015-02-07,1,19,5
2015-02-08,4,29,64
2015-02-09,28,461,95
2015-02-10,33,415,136
2015-02-11,38,468,136
2015-02-12,27,476,103
2015-02-13,32,365,92
2015-02-14,0,50,7
2015-02-15,2,18,4
2015-02-16,1,67,21
2015-02-17,41,563,139
2015-02-18,32,540,97
2015-02-19,34,471,103
2015-02-20,31,345,101
2015-02-21,0,24,4
2015-02-22,22,17,11
2015-02-23,41,444,154
2015-02-24,29,459,126
2015-02-25,34,496,128
2015-02-26,27,520,125
2015-02-27,23,369,99
2015-02-28,3,11,12
2015-03-01,2,37,9
2015-03-02,41,511,105
2015-03-03,34,426,103
2015-03-04,38,463,121
2015-03-05,65,429,107
2015-03-06,27,220,100
2015-03-07,0,27,7
2015-03-08,5,20,2
2015-03-09,32,429,87
2015-03-10,20,434,85
2015-03-11,38,436,107
2015-03-12,24,424,132
2015-03-13,20,268,99
2015-03-14,4,24,4
2015-03-15,2,26,4
2015-03-16,27,462,90
2015-03-17,32,379,82
2015-03-18,27,348,100
2015-03-19,30,347,113
2015-03-20,28,254,107
2015-03-21,0,12,6
2015-03-22,0,31,4
2015-03-23,35,339,102
2015-03-24,34,333,98
2015-03-25,30,367,103
2015-03-26,43,388,94
2015-03-27,29,298,76
2015-03-28,0,17,15
2015-03-29,1,16,8
2015-03-30,31,411,105
2015-03-31,32,379,127
2015-04-01,32,319,110
2015-04-02,26,313,79
2015-04-03,2,35,9
2015-04-04,1,1,3
2015-04-05,0,21,0
2015-04-06,28,282,72
2015-04-07,27,360,76
2015-04-08,19,314,95
2015-04-09,39,318,93
2015-04-10,30,224,73
2015-04-11,1,37,7
2015-04-12,3,22,8
2015-04-13,40,416,152
2015-04-14,35,420,115
2015-04-15,38,399,99
2015-04-16,32,384,126
2015-04-17,18,287,90
2015-04-18,0,15,1
2015-04-19,0,17,13
2015-04-20,47,500,118
2015-04-21,24,515,132
2015-04-22,27,524,118
2015-04-23,39,488,114
2015-04-24,33,311,70
2015-04-25,0,20,7
2015-04-26,3,22,13
2015-04-27,33,464,113
2015-04-28,34,482,118
2015-04-29,47,550,114
2015-04-30,27,600,128
2015-05-01,35,329,124
2015-05-02,0,9,0
2015-05-03,0,46,9
2015-05-04,33,457,157
2015-05-05,32,555,118
2015-05-06,31,585,105
2015-05-07,41,554,124
2015-05-08,28,297,98
2015-05-09,1,11,9
2015-05-10,0,12,5
2015-05-11,31,494,141
2015-05-12,26,458,106
2015-05-13,37,399,120
2015-05-14,29,431,107
2015-05-15,30,304,120
2015-05-16,0,20,9
2015-05-17,3,29,9
2015-05-18,34,397,157
2015-05-19,27,426,122
2015-05-20,40,450,118
2015-05-21,36,373,116
2015-05-22,15,266,83
2015-05-23,0,25,2
2015-05-24,0,26,0
2015-05-25,1,30,19
2015-05-26,31,316,127
2015-05-27,43,434,128
2015-05-28,46,415,134
2015-05-29,19,387,104
2015-05-30,2,19,12
2015-05-31,1,30,15
2015-06-01,32,427,109
2015-06-02,28,445,141
2015-06-03,43,388,130
2015-06-04,35,455,115
2015-06-05,30,328,132
2015-06-06,0,18,1
2015-06-07,3,24,15
2015-06-08,36,470,107
2015-06-09,45,370,111
2015-06-10,26,426,141
2015-06-11,24,355,103
2015-06-12,27,309,102
2015-06-13,2,16,7
2015-06-14,1,40,0
2015-06-15,33,403,114
2015-06-16,29,433,120
2015-06-17,20,401,143
2015-06-18,32,417,143
2015-06-19,31,275,105
2015-06-20,5,25,3
2015-06-21,2,44,17
2015-06-22,32,386,151
2015-06-23,41,368,166
2015-06-24,26,365,135
2015-06-25,20,383,132
2015-06-26,22,226,122
2015-06-27,3,22,6
2015-06-28,2,37,3
2015-06-29,37,364,111
2015-06-30,24,368,145
2015-07-01,37,449,135
2015-07-02,45,336,144
2015-07-03,2,22,5
2015-07-04,2,5,3
2015-07-05,0,37,12
2015-07-06,41,290,145
2015-07-07,23,354,137
2015-07-08,33,367,147
2015-07-09,28,331,130
2015-07-10,31,220,75
2015-07-11,5,6,1
2015-07-12,1,20,6
2015-07-13,23,439,130
2015-07-14,33,341,83
2015-07-15,31,363,126
2015-07-16,37,337,99
2015-07-17,21,229,81
2015-07-18,2,9,2
2015-07-19,3,18,2
2015-07-20,32,340,119
2015-07-21,20,419,116
2015-07-22,57,406,110
2015-07-23,25,495,90
2015-07-24,28,284,74
2015-07-25,0,5,2
2015-07-26,0,21,6
2015-07-27,26,434,139
2015-07-28,38,472,107
2015-07-29,17,571,116
2015-07-30,29,522,111
2015-07-31,26,298,88
2015-08-01,0,0,5
2015-08-02,1,29,7
2015-08-03,35,383,103
2015-08-04,43,537,103
2015-08-05,22,551,81
2015-08-06,38,612,96
2015-08-07,30,317,69
2015-08-08,1,7,2
2015-08-09,4,26,8
2015-08-10,32,525,132
2015-08-11,32,364,116
2015-08-12,30,435,138
2015-08-13,29,412,107
2015-08-14,24,284,128
2015-08-15,2,4,6
2015-08-16,7,20,18
2015-08-17,31,271,80
2015-08-18,23,364,130
2015-08-19,41,329,130
2015-08-20,19,378,132
2015-08-21,30,197,79
2015-08-22,2,21,8
2015-08-23,10,34,4
2015-08-24,51,321,117
2015-08-25,28,308,112
2015-08-26,50,341,115
2015-08-27,23,306,107
2015-08-28,22,194,64
2015-08-29,0,1,0
2015-08-30,5,26,11
2015-08-31,26,252,81
2015-09-01,28,270,100
2015-09-02,25,232,83
2015-09-03,29,235,102
2015-09-04,37,124,86
2015-09-05,0,11,1
2015-09-06,0,12,2
2015-09-07,2,19,2
2015-09-08,20,360,120
2015-09-09,25,336,85
2015-09-10,41,331,91
2015-09-11,25,194,81
2015-09-12,1,13,0
2015-09-13,1,23,2
2015-09-14,59,233,89
2015-09-15,18,286,119
2015-09-16,37,359,112
2015-09-17,35,292,86
2015-09-18,23,173,78
2015-09-19,0,5,4
2015-09-20,3,27,7
2015-09-21,27,300,125
2015-09-22,41,250,97
2015-09-23,30,176,73
2015-09-24,23,336,95
2015-09-25,31,223,78
2015-09-26,12,5,6
2015-09-27,9,21,33
2015-09-28,29,323,110
2015-09-29,47,307,99
2015-09-30,19,313,126
2015-10-01,33,345,103
2015-10-02,34,177,70
2015-10-03,0,10,1
2015-10-04,15,25,2
2015-10-05,30,313,113
2015-10-06,16,255,87
2015-10-07,38,247,147
2015-10-08,29,352,98
2015-10-09,13,154,70
2015-10-10,1,4,1
2015-10-11,0,21,2
2015-10-12,42,303,93
2015-10-13,38,377,133
2015-10-14,47,384,118
2015-10-15,53,350,112
2015-10-16,30,242,70
2015-10-17,0,31,24
2015-10-18,0,17,1
2015-10-19,26,398,129
2015-10-20,24,352,108
2015-10-21,45,506,103
2015-10-22,42,510,116
2015-10-23,20,210,81
2015-10-24,1,6,1
2015-10-25,0,17,8
2015-10-26,40,405,137
2015-10-27,49,555,115
2015-10-28,54,546,116
2015-10-29,39,552,95
2015-10-30,33,302,78
2015-10-31,0,6,2
2015-11-01,3,12,3
2015-11-02,48,484,118
2015-11-03,41,605,114
2015-11-04,42,620,110
2015-11-05,49,613,88
2015-11-06,38,327,97
2015-11-07,0,26,3
2015-11-08,3,19,4
2015-11-09,35,554,79
2015-11-10,54,466,133
2015-11-11,41,294,76
2015-11-12,59,442,75
2015-11-13,27,283,70
2015-11-14,5,21,2
2015-11-15,4,11,8
2015-11-16,29,438,145
2015-11-17,51,358,102
2015-11-18,35,350,110
2015-11-19,14,345,104
2015-11-20,26,227,74
2015-11-21,0,12,5
2015-11-22,0,20,9
2015-11-23,43,411,84
2015-11-24,40,342,118
2015-11-25,20,223,83
2015-11-26,0,2,1
2015-11-27,35,96,25
2015-11-28,0,24,11
2015-11-29,1,16,0
2015-11-30,40,354,109
2015-12-01,51,394,129
2015-12-02,47,387,115
2015-12-03,49,369,137
2015-12-04,14,274,86
2015-12-05,0,12,9
2015-12-06,0,24,10
2015-12-07,58,367,168
2015-12-08,43,425,137
2015-12-09,41,425,122
2015-12-10,20,431,148
2015-12-11,40,354,105
2015-12-12,0,28,1
2015-12-13,4,22,13
2015-12-14,45,313,116
2015-12-15,31,433,144
2015-12-16,50,375,171
2015-12-17,25,424,156
2015-12-18,19,262,74
2015-12-19,0,7,5
2015-12-20,0,9,5
2015-12-21,21,313,105
2015-12-22,30,319,112
2015-12-23,25,245,109
2015-12-24,6,111,46
2015-12-26,0,6,0
2015-12-27,0,3,0
2015-12-28,30,260,91
2015-12-29,29,194,129
2015-12-30,29,223,110
2015-12-31,31,140,33
2016-01-01,0,1,0
2016-01-02,6,11,3
2016-01-03,6,3,10
2016-01-04,32,421,133
2016-01-05,53,416,160
2016-01-06,49,412,157
2016-01-07,36,527,123
2016-01-08,31,310,120
2016-01-09,0,4,1
2016-01-10,1,32,8
2016-01-11,38,504,127
2016-01-12,60,464,133
2016-01-13,38,395,124
2016-01-14,51,396,95
2016-01-15,33,273,81
2016-01-16,0,5,0
2016-01-17,0,29,6
2016-01-18,1,24,6
2016-01-19,44,430,116
2016-01-20,28,410,107
2016-01-21,37,418,107
2016-01-22,38,290,101
2016-01-23,0,11,0
2016-01-24,2,21,16
2016-01-25,52,521,118
2016-01-26,41,549,153
2016-01-27,53,494,86
2016-01-28,35,585,132
2016-01-29,24,315,107
2016-01-30,0,6,2
2016-01-31,1,24,14
2016-02-01,33,458,89
2016-02-02,45,524,118
2016-02-03,62,527,108
2016-02-04,32,606,105
2016-02-05,34,345,87
2016-02-06,0,5,11
2016-02-07,0,17,12
2016-02-08,51,480,166
2016-02-09,48,534,121
2016-02-10,34,475,97
2016-02-11,34,496,84
2016-02-12,35,309,90
2016-02-13,2,22,5
2016-02-14,0,9,12
2016-02-15,0,29,2
2016-02-16,28,580,135
2016-02-17,47,534,125
2016-02-18,33,477,88
2016-02-19,41,322,82
2016-02-20,0,2,0
2016-02-21,0,6,0
2016-02-22,34,474,117
2016-02-23,38,547,105
2016-02-24,21,505,90
2016-02-25,25,673,107
2016-02-26,28,367,96
2016-02-27,0,12,10
2016-02-28,0,14,6
2016-02-29,29,558,151
2016-03-01,40,462,117
2016-03-02,34,447,106
2016-03-03,28,428,114
2016-03-04,36,352,64
2016-03-05,0,1,1
2016-03-06,0,5,0
2016-03-07,44,400,120
2016-03-08,41,483,100
2016-03-09,36,414,110
2016-03-10,28,445,100
2016-03-11,21,310,87
2016-03-12,0,3,5
2016-03-13,2,40,13
2016-03-14,32,438,139
2016-03-15,29,461,107
2016-03-16,32,418,104
2016-03-17,31,372,89
2016-03-18,12,256,88
2016-03-19,1,0,0
2016-03-20,2,17,21
2016-03-21,23,356,74
2016-03-22,40,356,73
2016-03-23,41,420,77
2016-03-24,33,354,73
2016-03-25,1,14,6
2016-03-26,0,13,0
2016-03-27,0,6,9
2016-03-28,17,462,76
2016-03-29,18,421,108
2016-03-30,22,392,114
2016-03-31,41,352,100
2016-04-01,33,280,69
2016-04-02,0,18,5
2016-04-03,0,21,7
2016-04-04,45,428,121
2016-04-05,21,419,127
2016-04-06,49,401,104
2016-04-07,48,379,109
2016-04-08,34,258,80
2016-04-09,0,5,7
2016-04-10,0,24,3
2016-04-11,57,413,111
2016-04-12,51,427,97
2016-04-13,51,309,110
2016-04-14,42,385,90
2016-04-15,15,282,76
2016-04-16,0,6,14
2016-04-17,0,20,9
2016-04-18,24,420,98
2016-04-19,22,456,95
2016-04-20,19,462,106
2016-04-21,22,527,82
2016-04-22,23,270,81
2016-04-23,0,12,0
2016-04-24,0,13,8
2016-04-25,39,502,70
2016-04-26,36,626,81
2016-04-27,35,595,83
2016-04-28,30,791,90
2016-04-29,26,408,74
2016-04-30,2,9,3
2016-05-01,0,21,11
2016-05-02,30,509,105
2016-05-03,28,590,111
2016-05-04,31,749,108
2016-05-05,35,727,90
2016-05-06,24,280,77
2016-05-07,11,5,2
2016-05-08,4,9,0
2016-05-09,29,531,69
2016-05-10,37,548,69
2016-05-11,34,398,70
2016-05-12,49,422,100
2016-05-13,23,368,91
2016-05-14,0,11,7
2016-05-15,5,4,0
2016-05-16,33,492,94
2016-05-17,30,330,122
2016-05-18,32,318,111
2016-05-19,39,441,86
2016-05-20,27,282,78
2016-05-21,0,4,3
2016-05-22,1,5,6
2016-05-23,27,387,88
2016-05-24,17,295,75
2016-05-25,17,306,63
2016-05-26,57,382,90
2016-05-27,35,240,97
2016-05-28,1,1,7
2016-05-29,0,6,0
2016-05-30,2,5,0
2016-05-31,32,318,123
2016-06-01,25,471,119
2016-06-02,42,333,110
2016-06-03,26,277,80
2016-06-04,1,18,13
2016-06-05,1,24,8
2016-06-06,26,401,137
2016-06-07,33,390,107
2016-06-08,38,416,104
2016-06-09,35,368,82
2016-06-10,44,271,82
2016-06-11,1,6,3
2016-06-12,1,35,15
2016-06-13,34,357,104
2016-06-14,38,436,124
2016-06-15,60,357,113
2016-06-16,46,334,113
2016-06-17,25,287,67
2016-06-18,0,1,0
2016-06-19,0,13,4
2016-06-20,35,371,120
2016-06-21,61,402,115
2016-06-22,22,318,97
2016-06-23,37,364,129
2016-06-24,39,328,79
2016-06-25,0,19,2
2016-06-26,0,2,0
2016-06-27,33,403,88
2016-06-28,47,382,126
2016-06-29,59,515,126
2016-06-30,54,416,123
2016-07-01,39,241,77
2016-07-04,1,5,4
2016-07-05,42,329,55
2016-07-06,35,322,95
2016-07-07,50,352,137
2016-07-08,24,259,102
2016-07-09,0,1,5
2016-07-10,0,12,1
2016-07-11,46,383,97
2016-07-12,44,335,114
2016-07-13,29,354,84
2016-07-14,29,360,89
2016-07-15,28,281,85
2016-07-16,0,2,1
2016-07-17,0,17,8
2016-07-18,47,434,95
2016-07-19,36,427,105
2016-07-20,37,482,104
2016-07-21,39,526,130
2016-07-22,30,243,74
2016-07-23,0,1,0
2016-07-24,0,18,14
2016-07-25,61,506,89
2016-07-26,48,659,148
2016-07-27,58,683,117
2016-07-28,45,728,126
2016-07-29,50,371,85
2016-07-30,0,15,5
2016-07-31,0,11,10
2016-08-01,52,509,109
2016-08-02,53,636,112
2016-08-03,69,708,126
2016-08-04,52,766,125
2016-08-05,38,331,99
2016-08-06,1,7,1
2016-08-07,0,31,9
2016-08-08,66,625,92
2016-08-09,71,574,101
2016-08-10,63,447,100
2016-08-11,42,380,117
2016-08-12,20,341,92
2016-08-13,7,4,3
2016-08-14,1,15,8
2016-08-15,55,430,146
2016-08-16,44,369,141
2016-08-17,32,413,86
2016-08-18,45,354,118
2016-08-19,56,269,118
2016-08-20,0,12,18
2016-08-21,0,12,2
2016-08-22,49,325,96
2016-08-23,27,388,94
2016-08-24,48,367,124
2016-08-25,52,481,110
2016-08-26,59,266,77
2016-08-27,0,8,0
2016-08-28,1,5,7
2016-08-29,32,293,115
2016-08-30,46,360,102
2016-08-31,42,380,112
2016-09-01,34,321,101
2016-09-02,30,217,79
2016-09-03,1,3,0
2016-09-04,0,3,2
2016-09-05,0,7,2
2016-09-06,20,373,140
2016-09-07,45,431,126
2016-09-08,44,376,105
2016-09-09,38,308,67
2016-09-10,5,0,0
2016-09-11,0,12,11
2016-09-12,49,360,101
2016-09-13,38,372,87
2016-09-14,55,314,118
2016-09-15,37,284,139
2016-09-16,65,265,79
2016-09-17,1,1,2
2016-09-18,0,8,4
2016-09-19,57,306,99
2016-09-20,32,431,116
2016-09-21,37,363,99
2016-09-22,46,297,101
2016-09-23,33,335,97
2016-09-24,1,22,1
2016-09-25,0,17,8
2016-09-26,47,465,103
2016-09-27,60,369,97
2016-09-28,49,393,133
2016-09-29,43,471,112
2016-09-30,47,344,111
2016-10-01,4,2,0
2016-10-02,0,4,6
2016-10-03,33,377,139
2016-10-04,48,369,131
2016-10-05,48,385,113
2016-10-06,51,455,124
2016-10-07,51,303,107
2016-10-08,3,8,2
2016-10-09,0,17,19
2016-10-10,47,308,134
2016-10-11,88,323,103
2016-10-12,70,293,92
2016-10-13,73,382,101
2016-10-14,71,224,100
2016-10-15,0,5,3
2016-10-16,3,15,3
2016-10-17,95,329,114
2016-10-18,68,356,102
2016-10-19,93,384,119
2016-10-20,80,453,137
2016-10-21,62,341,87
2016-10-22,1,7,8
2016-10-23,1,14,3
2016-10-24,110,432,108
2016-10-25,76,516,128
2016-10-26,81,533,111
2016-10-27,100,678,153
2016-10-28,104,316,84
2016-10-29,4,7,2
2016-10-30,0,11,8
2016-10-31,97,432,117
2016-11-01,123,574,119
2016-11-02,143,644,107
2016-11-03,107,682,105
2016-11-04,119,345,102
2016-11-05,0,10,4
2016-11-06,0,11,6
2016-11-07,111,477,131
2016-11-08,97,515,114
2016-11-09,122,600,126
2016-11-10,105,500,128
2016-11-11,110,252,139
2016-11-12,0,11,7
2016-11-13,1,11,29
2016-11-14,132,508,155
2016-11-15,131,390,140
2016-11-16,92,360,129
2016-11-17,81,449,107
2016-11-18,37,317,109
2016-11-19,0,3,3
2016-11-20,3,21,11
2016-11-21,26,299,126
2016-11-22,68,319,111
2016-11-23,70,249,100
2016-11-24,1,16,0
2016-11-25,40,141,38
2016-11-26,0,1,1
2016-11-27,2,12,1
2016-11-28,44,334,115
2016-11-29,74,391,158
2016-11-30,48,362,103
2016-12-01,76,448,119
2016-12-02,49,356,82
2016-12-03,0,5,9
2016-12-04,2,12,11
2016-12-05,36,350,124
2016-12-06,54,373,167
2016-12-07,64,396,119
2016-12-08,52,374,82
2016-12-09,28,275,109
2016-12-10,0,7,0
2016-12-11,0,4,1
2016-12-12,84,325,110
2016-12-13,41,396,104
2016-12-14,50,362,110
2016-12-15,52,368,103
2016-12-16,37,328,82
2016-12-17,0,1,1
2016-12-18,2,2,7
2016-12-19,41,328,100
2016-12-20,26,343,103
2016-12-21,47,311,111
2016-12-22,39,292,91
2016-12-23,32,144,75
2016-12-26,0,1,0
2016-12-27,40,161,95
2016-12-28,40,222,82
2016-12-29,19,159,83
2016-12-30,33,114,78
2016-12-31,1,2,4
2017-01-02,2,14,15
2017-01-03,53,303,110
2017-01-04,39,390,85
2017-01-05,41,405,132
2017-01-06,27,253,73
2017-01-07,0,1,0
2017-01-08,1,17,6
2017-01-09,40,445,104
2017-01-10,30,394,93
2017-01-11,35,395,139
2017-01-12,37,340,116
2017-01-13,23,243,87
2017-01-15,0,3,0
2017-01-16,0,21,10
2017-01-17,48,391,110
2017-01-18,42,381,102
2017-01-19,46,391,121
2017-01-20,38,261,90
2017-01-21,0,2,0
2017-01-22,0,15,4
2017-01-23,41,386,86
2017-01-24,33,476,111
2017-01-25,31,491,109
2017-01-26,47,515,113
2017-01-27,33,303,72
2017-01-28,0,18,4
2017-01-29,1,25,4
2017-01-30,42,454,98
2017-01-31,48,441,114
2017-02-01,55,486,104
2017-02-02,37,552,106
2017-02-03,24,259,104
2017-02-04,0,2,3
2017-02-05,0,9,8
2017-02-06,30,388,81
2017-02-07,60,482,110
2017-02-08,31,496,112
2017-02-09,32,501,110
2017-02-10,35,280,94
2017-02-11,0,6,2
2017-02-12,0,21,7
2017-02-13,26,368,117
2017-02-14,67,455,103
2017-02-15,30,530,105
2017-02-16,43,437,89
2017-02-17,30,301,90
2017-02-18,0,12,3
2017-02-19,0,10,8
2017-02-20,0,15,2
2017-02-21,33,406,111
2017-02-22,43,475,92
2017-02-23,29,512,105
2017-02-24,26,329,93
2017-02-25,10,16,0
2017-02-26,0,11,13
2017-02-27,38,371,117
2017-02-28,34,475,89
2017-03-01,33,454,80
2017-03-02,54,412,86
2017-03-03,35,269,95
2017-03-04,0,20,7
2017-03-05,0,33,13
2017-03-06,34,402,100
2017-03-07,49,372,89
2017-03-08,44,413,107
2017-03-09,47,392,95
2017-03-10,47,245,77
2017-03-11,0,13,14
2017-03-12,1,6,6
2017-03-13,29,328,78
2017-03-14,47,389,64
2017-03-15,29,398,78
2017-03-16,35,408,96
2017-03-17,35,206,73
2017-03-18,2,11,4
2017-03-19,3,25,5
2017-03-20,31,291,108
2017-03-21,32,298,115
2017-03-22,29,250,76
2017-03-23,24,327,120
2017-03-24,17,238,90
2017-03-25,0,2,6
2017-03-26,0,11,7
2017-03-27,17,295,74
2017-03-28,34,338,73
2017-03-29,43,263,106
2017-03-30,35,279,61
2017-03-31,35,294,79
2017-04-01,2,4,8
2017-04-02,3,17,12
2017-04-03,29,330,97
2017-04-04,48,349,85
2017-04-05,34,325,115
2017-04-06,34,288,65
2017-04-07,31,215,55
2017-04-08,0,11,7
2017-04-09,1,21,5
2017-04-10,25,285,82
2017-04-11,20,258,69
2017-04-12,15,275,91
2017-04-13,25,226,74
2017-04-14,0,26,0
2017-04-15,1,27,0
2017-04-16,7,12,8
2017-04-17,33,312,71
2017-04-18,29,339,72
2017-04-19,34,357,98
2017-04-20,49,428,127
2017-04-21,33,219,94
2017-04-22,5,10,4
2017-04-23,1,6,5
2017-04-24,36,414,133
2017-04-25,22,589,110
2017-04-26,36,538,88
2017-04-27,50,591,96
2017-04-28,37,308,72
2017-04-29,1,3,23
2017-04-30,0,16,11
2017-05-01,51,339,124
2017-05-02,51,614,83
2017-05-03,36,584,74
2017-05-04,43,697,74
2017-05-05,37,321,48
2017-05-06,3,17,4
2017-05-07,5,16,10
2017-05-08,35,547,98
2017-05-09,44,652,84
2017-05-10,57,507,101
2017-05-11,40,343,82
2017-05-12,51,234,72
2017-05-13,0,16,9
2017-05-14,6,13,12
2017-05-15,36,357,125
2017-05-16,34,289,90
2017-05-17,34,303,89
2017-05-18,46,380,162
2017-05-19,27,189,83
2017-05-20,0,20,0
2017-05-21,0,20,12
2017-05-22,49,290,76
2017-05-23,51,302,81
2017-05-24,49,355,77
2017-05-25,58,319,89
2017-05-26,22,213,67
2017-05-27,0,6,3
2017-05-28,1,7,1
2017-05-29,4,9,4
2017-05-30,28,253,72
2017-05-31,35,315,75
2017-06-01,33,269,105
2017-06-02,43,230,57
2017-06-03,2,22,14
2017-06-04,0,13,19
2017-06-05,44,281,106
2017-06-06,36,290,72
2017-06-07,37,288,88
2017-06-08,35,558,188
2017-06-09,57,518,178
2017-06-10,4,4,1
2017-06-11,2,9,17
2017-06-12,51,420,158
2017-06-13,48,420,181
2017-06-14,47,427,178
2017-06-15,45,439,152
2017-06-16,33,372,121
2017-06-17,0,4,2
2017-06-18,7,12,3
2017-06-19,70,353,159
2017-06-20,54,402,180
2017-06-21,48,443,204
2017-06-22,46,479,110
2017-06-23,58,393,160
2017-06-24,0,3,13
2017-06-25,0,3,8
2017-06-26,35,380,151
2017-06-27,60,386,187
2017-06-28,58,603,203
2017-06-29,47,323,109
2017-06-30,31,237,80
2017-07-01,2,5,17
2017-07-02,4,17,12
2017-07-03,16,130,24
2017-07-04,1,6,0
2017-07-05,48,281,51
2017-07-06,49,236,76
2017-07-07,39,196,55
2017-07-08,0,11,7
2017-07-09,3,4,16
2017-07-10,52,314,60
2017-07-11,55,295,74
2017-07-12,24,280,67
2017-07-13,59,302,129
2017-07-14,34,221,60
2017-07-15,0,6,8
2017-07-16,1,13,1
2017-07-17,28,294,93
2017-07-18,40,379,80
2017-07-19,43,462,84
2017-07-20,22,387,93
2017-07-21,47,327,72
2017-07-22,0,38,7
2017-07-23,1,25,4
2017-07-24,31,354,79
2017-07-25,39,408,95
2017-07-26,46,537,112
2017-07-27,33,644,89
2017-07-28,38,291,45
2017-07-29,0,25,0
2017-07-30,0,4,8
2017-07-31,22,414,103
2017-08-01,37,560,75
2017-08-02,32,603,92
2017-08-03,34,739,82
2017-08-04,24,361,51
2017-08-06,5,4,7
2017-08-07,24,411,91
2017-08-08,28,611,79
2017-08-09,35,429,86
2017-08-10,40,389,69
2017-08-11,39,172,70
2017-08-12,0,8,5
2017-08-13,0,8,10
2017-08-14,31,366,84
2017-08-15,28,282,58
2017-08-16,39,256,52
2017-08-17,46,238,68
2017-08-18,21,165,51
2017-08-19,0,10,4
2017-08-20,0,5,12
2017-08-21,39,211,60
2017-08-22,30,223,98
2017-08-23,32,260,70
2017-08-24,40,331,74
2017-08-25,28,220,81
2017-08-26,0,2,0
2017-08-27,1,11,5
2017-08-28,30,291,79
2017-08-29,31,196,89
2017-08-30,25,268,99
2017-08-31,33,263,99
2017-09-01,18,170,92
2017-09-02,0,14,3
2017-09-03,5,2,8
2017-09-04,0,8,2
2017-09-05,28,258,78
2017-09-06,41,329,95
2017-09-07,27,314,93
2017-09-08,45,229,72
2017-09-09,0,25,17
2017-09-10,1,15,16
2017-09-11,35,282,115
2017-09-12,53,278,103
2017-09-13,49,257,93
2017-09-14,35,268,99
2017-09-15,25,228,68
2017-09-16,0,8,0
2017-09-17,2,10,9
2017-09-18,24,236,75
2017-09-19,41,282,89
2017-09-20,48,224,80
2017-09-21,36,215,72
2017-09-22,25,214,61
2017-09-23,0,5,0
2017-09-24,0,8,8
2017-09-25,45,260,88
2017-09-26,28,297,86
2017-09-27,22,282,78
2017-09-28,41,306,91
2017-09-29,19,161,73
2017-10-01,2,2,5
2017-10-02,41,317,122
2017-10-03,31,310,91
2017-10-04,34,285,88
2017-10-05,26,290,104
2017-10-06,29,187,85
2017-10-07,0,1,6
2017-10-08,0,12,3
2017-10-09,48,251,79
2017-10-10,43,339,102
2017-10-11,28,313,83
2017-10-12,32,303,82
2017-10-13,18,252,77
2017-10-14,0,4,0
2017-10-15,2,4,4
2017-10-16,17,373,151
2017-10-17,29,406,102
2017-10-18,34,434,104
2017-10-19,44,454,99
2017-10-20,14,266,67
2017-10-21,0,4,3
2017-10-22,0,9,3
2017-10-23,23,433,97
2017-10-24,24,546,76
2017-10-25,25,592,80
2017-10-26,26,685,99
2017-10-27,27,341,42
2017-10-28,1,7,0
2017-10-29,8,6,6
2017-10-30,31,489,88
2017-10-31,32,597,84
2017-11-01,49,697,129
2017-11-02,27,904,105
2017-11-03,27,395,87
2017-11-04,0,6,0
2017-11-05,1,9,1
2017-11-06,42,573,119
2017-11-07,24,640,94
2017-11-08,18,639,118
2017-11-09,38,657,88
2017-11-10,27,314,69
2017-11-11,0,3,3
2017-11-12,0,10,6
2017-11-13,22,466,63
2017-11-14,18,466,87
2017-11-15,27,459,126
2017-11-16,40,477,130
2017-11-17,24,327,65
2017-11-19,0,8,12
2017-11-20,31,366,74
2017-11-21,32,364,88
2017-11-22,7,225,72
2017-11-23,1,0,0
2017-11-24,14,101,48
2017-11-26,0,5,16
2017-11-27,38,321,76
2017-11-28,30,346,75
2017-11-29,39,340,86
2017-11-30,18,347,121
2017-12-01,22,263,85
2017-12-02,0,15,2
2017-12-03,0,17,4
2017-12-04,36,397,105
2017-12-05,20,347,104
2017-12-06,29,347,80
2017-12-07,11,329,91
2017-12-08,10,226,71
2017-12-09,0,9,1
2017-12-10,0,9,13
2017-12-11,25,325,103
2017-12-12,19,349,63
2017-12-13,10,353,97
2017-12-14,16,361,86
2017-12-15,13,258,116
2017-12-16,0,1,0
2017-12-17,0,7,10
2017-12-18,12,381,105
2017-12-19,17,385,115
2017-12-20,13,346,63
2017-12-21,19,388,116
2017-12-22,9,260,64
2017-12-23,0,1,28
2017-12-24,0,8,3
2017-12-25,0,1,0
2017-12-26,25,170,53
2017-12-27,21,197,72
2017-12-28,10,199,52
2017-12-29,9,154,32
2017-12-30,4,11,0
2017-12-31,9,0,13
2018-01-01,0,6,5
2018-01-02,14,355,115
2018-01-03,37,357,98
2018-01-04,29,358,85
2018-01-05,63,366,80
2018-01-06,0,7,3
2018-01-07,0,4,11
2018-01-08,30,480,91
2018-01-09,20,414,121
2018-01-10,29,326,78
2018-01-11,11,316,104
2018-01-12,16,271,78
2018-01-13,1,7,5
2018-01-14,1,1,15
2018-01-15,1,34,4
2018-01-16,36,465,78
2018-01-17,14,402,104
2018-01-18,22,354,97
2018-01-19,18,239,97
2018-01-20,2,7,6
2018-01-21,1,10,3
2018-01-22,19,470,82
2018-01-23,49,434,90
2018-01-24,27,404,80
2018-01-25,15,422,110
2018-01-26,12,233,65
2018-01-27,0,1,2
2018-01-28,1,6,7
2018-01-29,60,430,77
2018-01-30,28,511,73
2018-01-31,22,496,80
2018-02-01,21,528,94
2018-02-02,25,307,52
2018-02-03,0,1,1
2018-02-04,1,6,11
2018-02-05,27,383,91
2018-02-06,24,571,82
2018-02-07,37,541,64
2018-02-08,54,612,60
2018-02-09,38,374,61
2018-02-10,2,0,2
2018-02-11,0,16,4
2018-02-12,19,476,87
2018-02-13,33,513,64
2018-02-14,34,598,126
2018-02-15,30,563,97
2018-02-16,29,327,64
2018-02-17,0,1,0
2018-02-18,7,2,11
2018-02-19,0,17,16
2018-02-20,40,493,86
2018-02-21,27,530,70
2018-02-22,36,517,71
2018-02-23,16,303,53
2018-02-24,0,8,0
2018-02-25,0,3,31
2018-02-26,12,364,71
2018-02-27,29,574,67
2018-02-28,20,448,106
2018-03-01,21,535,109
2018-03-02,30,344,80
2018-03-04,0,3,8
2018-03-05,44,354,89
2018-03-06,14,395,94
2018-03-07,41,387,67
2018-03-08,22,494,84
2018-03-09,28,280,56
2018-03-10,0,1,13
2018-03-11,3,5,30
2018-03-12,20,350,81
2018-03-13,41,352,80
2018-03-14,24,320,71
2018-03-15,28,412,90
2018-03-16,24,308,68
2018-03-17,0,1,3
2018-03-18,2,9,13
2018-03-19,21,327,86
2018-03-20,28,282,75
2018-03-21,19,265,68
2018-03-22,20,287,87
2018-03-23,12,203,57
2018-03-24,1,1,0
2018-03-25,0,8,14
2018-03-26,22,226,102
2018-03-27,44,335,81
2018-03-28,40,322,66
2018-03-29,13,265,59
2018-03-30,3,13,0
2018-03-31,0,1,3
2018-04-01,0,14,13
2018-04-02,51,322,80
2018-04-03,17,307,71
2018-04-04,27,237,76
2018-04-05,19,256,87
2018-04-06,55,189,51
2018-04-07,0,1,0
2018-04-08,0,4,12
2018-04-09,24,255,61
2018-04-10,33,283,64
2018-04-11,47,262,64
2018-04-12,44,290,70
2018-04-13,46,242,69
2018-04-14,2,1,0
2018-04-15,0,10,16
2018-04-16,43,338,113
2018-04-17,31,383,96
2018-04-18,50,372,104
2018-04-19,72,460,82
2018-04-20,49,283,84
2018-04-21,0,0,7
2018-04-22,0,26,8
2018-04-23,45,398,109
2018-04-24,36,524,77
2018-04-25,58,567,75
2018-04-26,50,712,78
2018-04-27,33,352,70
2018-04-29,0,27,26
2018-04-30,41,489,86
2018-05-01,58,660,79
2018-05-02,60,721,87
2018-05-03,59,728,85
2018-05-04,36,352,106
2018-05-05,0,6,1
2018-05-06,0,2,64
2018-05-07,60,472,87
2018-05-08,62,710,72
2018-05-09,73,560,97
2018-05-10,60,542,85
2018-05-11,58,288,93
2018-05-12,1,12,1
2018-05-13,1,10,26
2018-05-14,45,423,119
2018-05-15,62,433,108
2018-05-16,58,388,103
2018-05-17,58,325,138
2018-05-18,46,263,84
2018-05-19,1,12,9
2018-05-20,0,13,16
2018-05-21,23,300,114
2018-05-22,40,340,64
2018-05-23,51,385,71
2018-05-24,75,345,67
2018-05-25,42,229,40
2018-05-26,1,13,0
2018-05-27,0,0,15
2018-05-28,0,5,5
2018-05-29,52,305,61
2018-05-30,27,354,84
2018-05-31,57,481,129
2018-06-01,45,291,73
2018-06-02,0,3,8
2018-06-03,1,53,17
2018-06-04,25,314,85
2018-06-05,45,368,63
2018-06-06,46,334,87
2018-06-07,59,361,88
2018-06-08,33,206,69
2018-06-09,0,1,0
2018-06-10,1,14,1
2018-06-11,24,336,67
2018-06-12,55,315,87
2018-06-13,26,326,79
2018-06-14,32,295,51
2018-06-15,54,282,84
2018-06-16,0,8,0
2018-06-17,0,4,4
2018-06-18,42,293,75
2018-06-19,54,290,91
2018-06-20,32,297,80
2018-06-21,44,312,80
2018-06-22,35,187,68
2018-06-23,0,6,7
2018-06-24,1,17,11
2018-06-25,41,328,79
2018-06-26,38,308,81
2018-06-27,35,345,80
2018-06-28,17,305,86
2018-06-29,20,270,100
2018-06-30,0,16,11
2018-07-01,0,22,10
2018-07-02,51,259,76
2018-07-03,16,187,48
2018-07-04,0,7,1
2018-07-05,30,286,80
2018-07-06,10,179,57
2018-07-07,0,1,5
2018-07-08,1,6,11
2018-07-09,28,296,65
2018-07-10,47,328,112
2018-07-11,51,329,63
2018-07-12,37,402,80
2018-07-13,33,237,66
2018-07-14,0,3,1
2018-07-15,1,2,13
2018-07-16,65,309,95
2018-07-17,38,366,65
2018-07-18,34,427,87
2018-07-19,56,484,77
2018-07-20,25,365,182
2018-07-21,1,5,1
2018-07-22,0,25,15
2018-07-23,58,451,267
2018-07-24,54,586,138
2018-07-25,36,699,282
2018-07-26,68,868,210
2018-07-27,44,547,243
2018-07-28,1,48,0
2018-07-29,0,3,11
2018-07-30,66,620,148
2018-07-31,42,757,123
2018-08-01,83,855,148
2018-08-02,43,920,212
2018-08-03,36,666,76
2018-08-05,0,6,7
2018-08-06,49,803,57
2018-08-07,62,766,200
2018-08-08,87,784,243
2018-08-09,64,689,230
2018-08-10,76,418,201
2018-08-11,0,3,1
2018-08-12,0,8,10
2018-08-13,61,340,53
2018-08-14,44,525,91
2018-08-15,57,520,175
2018-08-16,23,629,149
2018-08-17,28,320,186
2018-08-18,0,4,0
2018-08-19,0,7,14
2018-08-20,26,265,82
2018-08-21,38,374,310
2018-08-22,47,607,52
2018-08-23,50,379,174
2018-08-24,22,330,195
2018-08-25,0,5,10
2018-08-26,0,6,0
2018-08-27,24,258,227
2018-08-28,17,253,45
2018-08-29,40,392,184
2018-08-30,62,482,218
2018-08-31,43,271,164
2018-09-01,3,2,0
2018-09-02,0,14,8
2018-09-03,1,6,4
2018-09-04,51,434,238
2018-09-05,49,474,309
2018-09-06,53,462,214
2018-09-07,56,438,211
2018-09-08,1,2,0
2018-09-09,0,17,9
2018-09-10,21,404,184
2018-09-11,48,336,50
2018-09-12,48,468,213
2018-09-13,43,598,191
2018-09-14,37,694,53
2018-09-15,0,0,5
2018-09-16,1,29,3
2018-09-17,30,488,200
2018-09-18,42,439,152
2018-09-19,27,219,53
2018-09-20,29,412,173
2018-09-21,42,450,75
2018-09-22,2,3,10
2018-09-23,0,22,1
2018-09-24,41,383,191
2018-09-25,44,482,150
2018-09-26,48,516,202
2018-09-27,31,473,139
2018-09-28,45,225,63
2018-09-29,0,3,8
2018-09-30,0,11,12
2018-10-01,47,336,66
2018-10-02,34,404,169
2018-10-03,42,527,85
2018-10-04,50,495,70
2018-10-05,15,228,110
2018-10-06,0,0,3
2018-10-07,0,11,11
2018-10-08,34,627,102
2018-10-09,37,302,93
2018-10-10,67,664,108
2018-10-11,45,721,91
2018-10-12,25,661,63
2018-10-13,0,14,8
2018-10-14,0,31,7
2018-10-15,58,310,73
2018-10-16,24,395,93
2018-10-17,67,392,76
2018-10-18,49,421,87
2018-10-19,25,330,79
2018-10-20,0,12,6
2018-10-21,0,26,14
2018-10-22,44,479,93
2018-10-23,62,849,115
2018-10-24,58,937,84
2018-10-25,55,685,131
2018-10-26,58,399,67
2018-10-27,0,31,1
2018-10-28,0,7,16
2018-10-29,57,962,98
2018-10-30,59,1024,145
2018-10-31,53,719,66
2018-11-01,51,1009,108
2018-11-02,47,513,57
2018-11-03,0,4,0
2018-11-04,1,85,1
2018-11-05,39,582,74
2018-11-06,56,673,103
2018-11-07,56,633,85
2018-11-08,87,740,184
2018-11-09,93,427,94
2018-11-10,0,5,2
2018-11-11,1,23,11
2018-11-12,69,298,51
2018-11-13,76,344,54
2018-11-14,75,469,100
2018-11-15,54,695,113
2018-11-16,58,447,88
2018-11-17,0,0,13
2018-11-18,2,13,17
2018-11-19,40,411,244
2018-11-20,89,626,127
2018-11-21,47,620,81
2018-11-22,1,2,2
2018-11-23,28,286,42
2018-11-24,0,2,0
2018-11-25,0,48,0
2018-11-26,34,341,70
2018-11-27,58,423,81
2018-11-28,36,671,114
2018-11-29,60,680,96
2018-11-30,36,439,114
2018-12-01,0,5,4
2018-12-02,5,42,8
2018-12-03,31,370,108
2018-12-04,89,408,170
2018-12-05,7,38,21
2018-12-06,53,450,63
2018-12-07,47,266,38
2018-12-08,0,6,6
2018-12-09,0,5,3
2018-12-10,63,783,74
2018-12-11,51,347,65
2018-12-12,44,595,180
2018-12-13,42,341,69
2018-12-14,63,640,103
2018-12-15,0,3,8
2018-12-16,0,13,5
2018-12-17,86,693,77
2018-12-18,58,432,103
2018-12-19,36,777,92
2018-12-20,62,741,107
2018-12-21,60,266,77
2018-12-22,0,2,0
2018-12-23,4,37,13
2018-12-24,23,108,34
2018-12-25,0,1,1
2018-12-26,28,161,41
2018-12-27,69,186,70
2018-12-28,20,155,36
2018-12-29,1,6,6
2018-12-30,0,20,6
2018-12-31,9,153,32
2019-01-01,0,5,2
2019-01-02,63,382,81
2019-01-03,60,339,76
2019-01-04,4,262,87
2019-01-05,0,1,0
2019-01-06,0,9,13
2019-01-07,48,378,119
2019-01-08,26,394,149
2019-01-09,39,360,124
2019-01-10,58,332,110
2019-01-11,26,327,107
2019-01-12,1,8,9
2019-01-13,4,9,9
2019-01-14,63,421,122
2019-01-15,43,341,75
2019-01-16,62,383,109
2019-01-17,50,351,85
2019-01-18,25,268,94
2019-01-19,0,1,6
2019-01-20,0,2,7
2019-01-21,0,12,5
2019-01-22,98,374,68
2019-01-23,36,426,93
2019-01-24,53,491,137
2019-01-25,31,289,93
2019-01-26,0,0,9
2019-01-27,0,19,5
2019-01-28,80,424,119
2019-01-29,60,549,78
2019-01-30,34,434,86
2019-01-31,13,456,89
2019-02-01,49,326,83
2019-02-02,0,12,2
2019-02-03,0,22,4
2019-02-04,23,357,79
2019-02-05,48,474,101
2019-02-06,65,413,78
2019-02-07,84,538,63
2019-02-08,57,258,54
2019-02-09,0,7,1
2019-02-10,0,19,15
2019-02-11,54,375,79
2019-02-12,57,393,70
2019-02-13,60,517,86
2019-02-14,58,618,128
2019-02-15,35,432,103
2019-02-16,0,2,0
2019-02-17,0,4,6
2019-02-18,0,14,9
2019-02-19,37,450,106
2019-02-20,42,540,76
2019-02-21,59,566,87
2019-02-22,33,326,52
2019-02-23,7,5,8
2019-02-24,3,25,14
2019-02-25,37,357,82
2019-02-26,31,541,100
2019-02-27,72,501,91
2019-02-28,58,513,60
2019-03-01,35,354,90
2019-03-02,0,5,2
2019-03-03,0,21,9
2019-03-04,53,355,81
2019-03-05,34,348,84
2019-03-06,57,433,80
2019-03-07,58,414,84
2019-03-08,56,260,65
2019-03-09,0,2,6
2019-03-10,2,24,5
2019-03-11,26,321,70
2019-03-12,20,341,91
2019-03-13,53,298,70
2019-03-14,33,335,63
2019-03-15,18,286,83
2019-03-16,0,9,0
2019-03-17,0,4,13
2019-03-18,20,329,52
2019-03-19,31,313,63
2019-03-20,60,379,83
2019-03-21,55,336,99
2019-03-22,44,221,111
2019-03-23,1,16,8
2019-03-24,0,12,7
2019-03-25,37,232,51
2019-03-26,65,274,90
2019-03-27,32,369,102
2019-03-28,38,339,75
2019-03-29,15,255,102
2019-03-30,0,24,12
2019-03-31,0,10,8
2019-04-01,20,325,214
2019-04-02,42,352,74
2019-04-03,19,325,90
2019-04-04,29,329,85
2019-04-05,19,226,69
2019-04-06,0,1,4
2019-04-07,0,13,8
2019-04-08,43,269,90
2019-04-09,45,290,84
2019-04-10,34,293,68
2019-04-11,46,291,62
2019-04-12,19,255,101
2019-04-13,0,7,5
2019-04-14,0,5,10
2019-04-15,46,324,48
2019-04-16,33,373,98
2019-04-17,24,481,111
2019-04-18,31,358,79
2019-04-19,1,9,7
2019-04-20,1,7,10
2019-04-21,0,24,0
2019-04-22,59,311,68
2019-04-23,74,468,130
2019-04-24,159,450,113
2019-04-25,113,565,124
2019-04-26,97,341,103
2019-04-27,1,13,3
2019-04-28,0,24,12
2019-04-29,55,339,72
2019-04-30,98,561,110
2019-05-01,127,600,118
2019-05-02,123,598,137
2019-05-03,55,342,134
2019-05-04,0,26,4
2019-05-05,2,10,12
2019-05-06,101,519,122
2019-05-07,81,658,121
2019-05-08,138,525,138
2019-05-09,172,615,128
2019-05-10,99,324,87
2019-05-11,0,12,10
2019-05-12,0,10,4
2019-05-13,72,329,92
2019-05-14,67,337,190
2019-05-15,80,422,114
2019-05-16,70,351,124
2019-05-17,72,298,121
2019-05-18,0,11,8
2019-05-19,0,6,7
2019-05-20,101,316,125
2019-05-21,79,303,183
2019-05-22,70,343,149
2019-05-23,138,297,152
2019-05-24,47,183,79
2019-05-25,0,5,11
2019-05-26,4,25,5
2019-05-27,1,8,4
2019-05-28,23,267,80
2019-05-29,48,367,77
2019-05-30,76,376,139
2019-05-31,14,439,89
2019-06-01,0,33,6
2019-06-02,0,9,10
2019-06-03,41,398,159
2019-06-04,35,547,128
2019-06-05,81,328,104
2019-06-06,35,325,80
2019-06-07,22,274,104
2019-06-08,1,14,20
2019-06-09,0,7,16
2019-06-10,34,326,79
2019-06-11,40,340,121
2019-06-12,74,337,89
2019-06-13,29,275,108
2019-06-14,49,317,76
2019-06-15,1,19,0
2019-06-16,1,4,12
2019-06-17,28,293,115
2019-06-18,29,335,144
2019-06-19,29,290,114
2019-06-20,26,267,115
2019-06-21,9,216,59
2019-06-22,0,12,3
2019-06-23,0,9,10
2019-06-24,17,266,55
2019-06-25,34,346,85
2019-06-26,84,435,123
2019-06-27,20,369,103
2019-06-28,25,235,100
2019-06-29,0,11,4
2019-06-30,1,3,14
2019-07-01,33,340,109
2019-07-02,28,340,95
2019-07-03,14,208,56
2019-07-04,0,0,3
2019-07-05,22,125,32
2019-07-06,0,6,13
2019-07-07,1,5,2
2019-07-08,49,281,96
2019-07-09,37,359,81
2019-07-10,68,311,101
2019-07-11,42,395,121
2019-07-12,27,274,119
2019-07-13,1,5,13
2019-07-14,0,4,5
2019-07-15,37,360,71
2019-07-16,19,344,92
2019-07-17,55,377,169
2019-07-18,57,379,104
2019-07-19,7,274,72
2019-07-20,2,16,7
2019-07-21,1,4,6
2019-07-22,24,353,122
2019-07-23,62,608,144
2019-07-24,47,629,133
2019-07-25,50,732,132
2019-07-26,16,662,120
2019-07-27,1,54,2
2019-07-28,0,10,23
2019-07-29,47,599,222
2019-07-30,52,781,259
2019-07-31,52,964,145
2019-08-01,62,1035,173
2019-08-02,62,606,220
2019-08-03,1,20,4
2019-08-04,1,1,8
2019-08-05,43,678,356
2019-08-06,40,687,225
2019-08-07,108,941,131
2019-08-08,57,739,225
2019-08-09,54,424,159
2019-08-10,0,4,9
2019-08-11,3,13,2
2019-08-12,68,488,76
2019-08-13,52,552,249
2019-08-14,83,623,129
2019-08-15,49,482,110
2019-08-16,3,451,118
2019-08-17,1,4,14
2019-08-18,0,3,0
2019-08-19,29,423,181
2019-08-20,23,408,68
2019-08-21,47,397,103
2019-08-22,13,509,131
2019-08-23,28,427,234
2019-08-24,0,9,11
2019-08-25,0,10,3
2019-08-26,12,412,121
2019-08-27,43,415,141
2019-08-28,30,492,82
2019-08-29,17,413,169
2019-08-30,18,314,72
2019-08-31,0,1,10
2019-09-01,0,3,6
2019-09-02,1,12,5
2019-09-03,19,481,120
2019-09-04,43,590,193
2019-09-05,78,643,146
2019-09-06,14,439,89
2019-09-07,0,3,14
2019-09-08,1,15,4
2019-09-09,35,460,156
2019-09-10,46,497,132
2019-09-11,43,404,164
2019-09-12,29,475,129
2019-09-13,30,382,95
2019-09-14,0,3,4
2019-09-15,0,18,15
2019-09-16,35,491,129
2019-09-17,33,489,107
2019-09-18,23,404,85
2019-09-19,48,314,95
2019-09-20,39,302,78
2019-09-21,1,2,2
2019-09-22,0,18,13
2019-09-23,32,391,120
2019-09-24,64,417,191
2019-09-25,37,426,148
2019-09-26,75,373,180
2019-09-27,15,373,82
2019-09-28,0,3,20
2019-09-29,0,3,23
2019-09-30,26,388,113
2019-10-01,47,549,108
2019-10-02,83,573,139
2019-10-03,27,510,149
2019-10-04,16,317,96
2019-10-05,0,3,13
2019-10-06,2,15,6
2019-10-07,24,349,135
2019-10-08,9,573,156
2019-10-09,13,419,107
2019-10-10,30,449,150
2019-10-11,26,421,269
2019-10-12,0,5,20
2019-10-13,2,14,1
2019-10-14,65,364,89
2019-10-15,29,391,185
2019-10-16,41,459,160
2019-10-17,25,531,142
2019-10-18,45,479,86
2019-10-19,0,1,6
2019-10-20,0,15,11
2019-10-21,42,650,189
2019-10-22,24,550,151
2019-10-23,63,737,156
2019-10-24,37,766,136
2019-10-25,27,424,127
2019-10-26,0,3,12
2019-10-27,6,13,23
2019-10-28,36,624,183
2019-10-29,33,749,130
2019-10-30,55,760,118
2019-10-31,40,629,118
2019-11-01,24,545,134
2019-11-02,0,1,9
2019-11-03,3,27,10
2019-11-04,35,827,135
2019-11-05,75,818,131
2019-11-06,49,754,182
2019-11-07,42,900,202
2019-11-08,29,508,132
2019-11-09,0,0,28
2019-11-10,3,2,25
2019-11-11,26,460,85
2019-11-12,36,654,119
2019-11-13,40,528,157
2019-11-14,37,484,104
2019-11-15,23,473,106
2019-11-16,0,1,6
2019-11-17,11,4,14
2019-11-18,76,473,112
2019-11-19,85,535,100
2019-11-20,41,484,138
2019-11-21,45,463,124
2019-11-22,19,316,119
2019-11-23,0,3,10
2019-11-24,0,9,7
2019-11-25,15,479,147
2019-11-26,22,516,109
2019-11-27,30,369,51
2019-11-28,0,2,2
2019-11-29,12,230,29
2019-11-30,0,3,0
2019-12-01,19,14,18
2019-12-02,28,398,80
2019-12-03,32,473,115
2019-12-04,31,468,113
2019-12-05,25,448,120
2019-12-06,19,467,223
2019-12-07,0,46,6
2019-12-08,0,20,12
2019-12-09,37,377,130
2019-12-10,29,566,124
2019-12-11,24,484,128
2019-12-12,21,587,231
2019-12-13,13,442,102
2019-12-14,0,1,17
2019-12-15,1,11,2
2019-12-16,15,429,200
2019-12-17,58,555,117
2019-12-18,22,617,97
2019-12-19,20,524,121
2019-12-20,18,535,89
2019-12-21,0,6,20
2019-12-22,24,13,6
2019-12-23,19,367,79
2019-12-24,14,152,64
2019-12-25,0,4,2
2019-12-26,16,156,42
2019-12-27,13,354,38
2019-12-28,0,0,18
2019-12-29,2,32,1
2019-12-30,8,214,59
2019-12-31,13,134,35
2020-01-01,3,13,1
2020-01-02,11,370,71
2020-01-03,35,351,136
2020-01-04,0,4,5
2020-01-05,0,5,7
2020-01-06,28,375,135
2020-01-07,14,381,114
2020-01-08,59,407,160
2020-01-09,72,584,141
2020-01-10,22,456,146
2020-01-11,7,1,8
2020-01-12,4,14,12
2020-01-13,27,425,126
2020-01-14,21,421,118
2020-01-15,28,539,105
2020-01-16,16,621,141
2020-01-17,45,641,74
2020-01-18,0,4,10
2020-01-19,0,4,1
2020-01-20,3,30,4
2020-01-21,32,1022,117
2020-01-22,49,1059,90
2020-01-23,18,720,135
2020-01-24,19,701,83
2020-01-25,0,1,2
2020-01-26,2,21,23
2020-01-27,20,773,175
2020-01-28,30,731,167
2020-01-29,44,685,95
2020-01-30,43,834,75
2020-01-31,12,683,128
2020-02-01,0,4,13
2020-02-02,0,47,7
2020-02-03,28,648,95
2020-02-04,46,813,137
2020-02-05,26,845,102
2020-02-06,70,811,117
2020-02-07,33,401,65
2020-02-08,1,7,10
2020-02-09,0,30,6
2020-02-10,39,609,104
2020-02-11,27,713,153
2020-02-12,26,799,142
2020-02-13,38,749,137
2020-02-14,20,570,71
2020-02-15,2,4,11
2020-02-16,0,27,7
2020-02-17,5,20,19
2020-02-18,36,836,92
2020-02-19,25,769,89
2020-02-20,61,944,134
2020-02-21,59,708,105
2020-02-22,0,9,14
2020-02-23,10,80,31
2020-02-24,79,638,238
2020-02-25,43,875,127
2020-02-26,31,854,113
2020-02-27,40,1438,89
2020-02-28,31,1515,74
2020-02-29,1,34,2
2020-03-01,0,14,42
2020-03-02,46,587,143
2020-03-03,36,624,161
2020-03-04,22,597,259
2020-03-05,28,982,85
2020-03-06,43,1315,70
2020-03-07,1,13,13
2020-03-08,3,34,11
2020-03-09,125,918,127
2020-03-10,41,1005,88
2020-03-11,46,1280,58
2020-03-12,43,2613,83
2020-03-13,22,928,122
2020-03-14,1,1,20
2020-03-15,3,37,26
2020-03-16,53,1030,98
2020-03-17,44,906,141
2020-03-18,44,824,57
2020-03-19,31,1438,126
2020-03-20,57,575,145
2020-03-21,0,5,27
2020-03-22,3,31,3
2020-03-23,109,1138,144
2020-03-24,15,616,267
2020-03-25,25,634,103
2020-03-26,38,669,208
2020-03-27,36,821,83
2020-03-28,0,4,16
2020-03-29,0,14,10
2020-03-30,61,606,123
2020-03-31,42,730,129
2020-04-01,31,869,77
2020-04-02,29,651,201
2020-04-03,41,617,96
2020-04-04,0,11,17
2020-04-05,3,19,11
2020-04-06,32,747,195
2020-04-07,38,791,213
2020-04-08,35,720,199
2020-04-09,24,786,156
2020-04-10,3,23,20
2020-04-11,0,6,9
2020-04-12,1,16,25
2020-04-13,63,725,118
2020-04-14,22,617,228
2020-04-15,48,1012,193
2020-04-16,27,748,158
2020-04-17,25,484,380
2020-04-18,1,11,4
2020-04-19,0,34,19
2020-04-20,37,645,108
2020-04-21,87,773,99
2020-04-22,44,704,154
2020-04-23,35,691,188
2020-04-24,17,595,101
2020-04-25,2,7,24
2020-04-26,3,68,12
2020-04-27,45,699,217
2020-04-28,41,871,145
2020-04-29,44,999,346
2020-04-30,46,1088,193
2020-05-01,30,952,106
2020-05-02,5,24,19
2020-05-03,4,114,12
2020-05-04,41,734,119
2020-05-05,57,771,296
2020-05-06,56,984,135
2020-05-07,68,1138,192
2020-05-08,48,681,198
2020-05-09,3,8,14
2020-05-10,2,59,12
2020-05-11,63,745,100
2020-05-12,93,595,128
2020-05-13,64,843,98
2020-05-14,63,722,116
2020-05-15,22,507,114
2020-05-16,0,55,3
2020-05-17,1,23,25
2020-05-18,27,588,299
2020-05-19,22,469,121
2020-05-20,70,496,244
2020-05-21,51,492,119
2020-05-22,26,415,79
2020-05-23,1,8,18
2020-05-24,0,22,0
2020-05-25,5,16,4
2020-05-26,25,542,400
2020-05-27,29,466,317
2020-05-28,31,583,155
2020-05-29,19,417,93
2020-05-30,7,11,9
2020-05-31,6,19,9
2020-06-01,35,467,187
2020-06-02,40,381,123
2020-06-03,39,405,345
2020-06-04,23,415,100
2020-06-05,15,331,586
2020-06-06,0,4,7
2020-06-07,1,15,9
2020-06-08,31,414,320
2020-06-09,29,685,89
2020-06-10,106,612,89
2020-06-11,3,516,25
